angle,x0,difference,slice,amplitude,rmse
-7.789375,-7.43311271580486,0.3562622841951395,20.0,0.9834896807475244,246.63430253712642
-7.76984375,-7.416183703424583,0.35366004657541694,21.0,0.9833577084144,245.18694237472073
-7.7503125,-7.400375022194502,0.349937477805498,22.0,0.9836929108546649,244.5023766072376
-7.73078125,-7.382692011878218,0.3480892381217817,23.0,0.9835286200395897,243.06650204141877
-7.71125,-7.363039296146166,0.3482107038538338,24.0,0.9838681956153581,241.78744572387072
-7.69171875,-7.3445232089320305,0.34719554106796924,25.0,0.9840502300397123,239.74574299721507
-7.6721875,-7.32765452342471,0.34453297657529003,26.0,0.9842356045793277,238.249753058641
-7.65265625,-7.311025848222219,0.34163040177778115,27.0,0.9843798459384532,234.94950694880566
-7.633125,-7.294059021538897,0.339065978461103,28.0,0.9842126464944924,231.11552190100016
-7.61359375,-7.277319951394145,0.3362737986058546,29.0,0.9845742075606,229.5943651052405
-7.5940625,-7.257415148748436,0.336647351251564,30.0,0.9841555143913076,225.32599492799778
-7.57453125,-7.2402304576085115,0.33430079239148824,31.0,0.9841350411824255,221.7459603097189
-7.555,-7.223386501097831,0.3316134989021684,32.0,0.984734447440907,217.2108159821989
-7.53546875,-7.203910930646001,0.331557819353999,33.0,0.9841279481114018,208.13634552494224
-7.5159375,-7.182504473317999,0.3334330266820009,34.0,0.9848617614154695,198.6732764300944
-7.49640625,-7.162730734441675,0.3336755155583244,35.0,0.9846414736621439,188.39555783623024
-7.476875,-7.143580262246177,0.3332947377538229,36.0,0.9848368040185168,179.92541615098725
-7.45734375,-7.125172996768563,0.33217075323143685,37.0,0.9855508132278439,175.1346370458101
-7.4378125,-7.10483684053241,0.3329756594675901,38.0,0.9853848707874272,168.38002101454086
-7.41828125,-7.083065574672705,0.33521567532729435,39.0,0.9862494213527937,164.4665126418833
-7.39875,-7.062343640962292,0.3364063590377073,40.0,0.9866226446888985,161.41296519202191
-7.37921875,-7.042911991080566,0.3363067589194335,41.0,0.9870392585477036,161.20150519714176
-7.3596875,-7.022254360008935,0.33743313999106483,42.0,0.9877001024663477,162.7097967592682
-7.34015625,-7.004103797866626,0.33605245213337387,43.0,0.9880164842675799,163.01862583314642
-7.320625,-6.9870774744060204,0.33354752559397927,44.0,0.9877869310782947,161.12862397196437
-7.30109375,-6.970026977772158,0.33106677222784153,45.0,0.9881374107330337,161.04370631573465
-7.2815625,-6.95288149129169,0.3286810087083101,46.0,0.9876720092017659,159.94399513327554
-7.26203125,-6.935491343209986,0.3265399067900141,47.0,0.9880240661343751,160.8428106070517
-7.2425,-6.9203032101425155,0.32219678985748423,48.0,0.9878926155380229,161.67047237784985
-7.22296875,-6.903863168028529,0.31910558197147054,49.0,0.9873321023347368,161.22676429375164
-7.2034375,-6.884040461575466,0.31939703842453415,50.0,0.9878235825574068,163.53617746624897
-7.18390625,-6.8651450083124725,0.3187612416875272,51.0,0.9872378381325255,164.45425867861874
-7.164375,-6.847346462587634,0.3170285374123658,52.0,0.9877532901016931,168.04543058625586
-7.14484375,-6.8307023347388975,0.3141414152611022,53.0,0.9871624537217005,171.44907527918372
-7.1253125,-6.811525763363077,0.31378673663692247,54.0,0.9868775023030625,178.73855163239446
-7.10578125,-6.79135572955539,0.31442552044461003,55.0,0.987385767833539,187.58133962077952
-7.08625,-6.773166088991237,0.3130839110087624,56.0,0.987013780335392,192.03729567888286
-7.06671875,-6.752306208398459,0.3144125416015404,57.0,0.9871977819993047,196.09486344751676
-7.0471875,-6.735540788353054,0.31164671164694546,58.0,0.9876585961721734,198.213548475183
-7.02765625,-6.718143025120314,0.30951322487968547,59.0,0.9872664077868395,200.30199574901795
-7.008125,-6.699430171490705,0.30869482850929497,60.0,0.9878264330080457,203.74216438284978
-6.98859375,-6.678975128017004,0.3096186219829953,61.0,0.9880275157036443,206.77409512153756
-6.9690625,-6.659966729664344,0.30909577033565583,62.0,0.9875291383203486,206.4028367825044
-6.94953125,-6.6419704033108315,0.30756084668916817,63.0,0.9881655840299518,208.47661522019695
-6.93,-6.624519408656879,0.30548059134312044,64.0,0.9877238575481316,207.89265582152143
-6.91046875,-6.607575844040937,0.3028929059590624,65.0,0.9884629281237094,209.70697007663188
-6.8909375,-6.589674467336309,0.3012630326636909,66.0,0.9886458104008404,210.65142513527948
-6.87140625,-6.570905963266658,0.3005002867333415,67.0,0.9882571746851434,209.68969814907672
-6.851875,-6.5520315326131575,0.2998434673868422,68.0,0.9891183146639756,211.4681305941268
-6.83234375,-6.534811557203662,0.29753219279633747,69.0,0.988837345679999,210.71546901478206
-6.8128125,-6.518681839476203,0.29413066052379655,70.0,0.989438284430411,211.40116490072106
-6.79328125,-6.499107659132499,0.2941735908675005,71.0,0.9892867598026062,210.3443007512708
-6.77375,-6.481032051612645,0.292717948387355,72.0,0.9893727043460276,209.61236560386394
-6.75421875,-6.463937294224893,0.2902814557751068,73.0,0.9898279332307429,209.0853929330003
-6.7346875,-6.448238545451499,0.2864489545485007,74.0,0.9896272076881955,208.355606735846
-6.71515625,-6.431190995674487,0.2839652543255129,75.0,0.9898335737517726,207.08681489773562
-6.695625,-6.412815071602246,0.28280992839775365,76.0,0.9897169849318012,205.86061220520344
-6.67609375,-6.394784995647451,0.28130875435254854,77.0,0.9899371127840918,205.8902632229229
-6.6565625,-6.3756127650373084,0.28094973496269127,78.0,0.9899177800085092,204.68751410827954
-6.63703125,-6.357973649255254,0.2790576007447454,79.0,0.9899864037857611,203.32520658960638
-6.6175,-6.34162715231909,0.27587284768091,80.0,0.9903117658855266,202.4495925705905
-6.59796875,-6.325047346840631,0.2729214031593683,81.0,0.9903182663463865,202.20457924677947
-6.5784375,-6.3082342632866695,0.27020323671333024,82.0,0.9906598872757668,200.36277064066925
-6.55890625,-6.289771154751992,0.26913509524800805,83.0,0.990599914792494,197.7796057569233
-6.539375,-6.26910994548279,0.2702650545172096,84.0,0.9905302877053094,195.25001016103278
-6.51984375,-6.250349318733682,0.26949443126631767,85.0,0.9903038763977547,193.35302871011825
-6.5003125,-6.231102724369805,0.26920977563019477,86.0,0.9906391309823016,190.82481700097043
-6.48078125,-6.213691051349733,0.2670901986502665,87.0,0.99036919736317,185.43087814134918
-6.46125,-6.194110368454676,0.26713963154532383,88.0,0.9906124280294839,178.73727038194193
-6.44171875,-6.173522699560024,0.2681960504399754,89.0,0.9908455231013874,171.21304635215066
-6.4221875,-6.154486893663012,0.26770060633698733,90.0,0.9909414577019507,164.78895196842828
-6.40265625,-6.136316615740438,0.26633963425956164,91.0,0.9906753482754271,159.52642279428076
-6.383125,-6.115976576830678,0.2671484231693215,92.0,0.9912549380931464,155.80699371145093
-6.36359375,-6.097564124662624,0.2660296253373753,93.0,0.9909582816022988,151.73940866487627
-6.3440625,-6.077109140892837,0.26695335910716267,94.0,0.9914681735971433,147.37347337552924
-6.32453125,-6.0598230741291434,0.26470817587085627,95.0,0.9915892695321062,143.62292521887912
-6.305,-6.040417912916293,0.26458208708370634,96.0,0.9921683602807884,141.21196844543113
-6.28546875,-6.020669467605197,0.26479928239480266,97.0,0.9922880174875757,138.23501433260205
-6.2659375,-6.00219824417773,0.2637392558222693,98.0,0.9926184744576766,137.27458260628137
-6.24640625,-5.983497283730909,0.2629089662690909,99.0,0.9924777023330874,134.85936688741657
-6.226875,-5.967485481581711,0.2593895184182884,100.0,0.992197890526736,132.54521269158937
-6.20734375,-5.951447922082822,0.25589582791717813,101.0,0.9921069474292253,130.01853167196816
-6.1878125,-5.935424700060826,0.25238779993917415,102.0,0.9923349040843746,128.88070226493292
-6.16828125,-5.917788166592037,0.25049308340796284,103.0,0.9916628218232775,126.90483800320185
-6.14875,-5.90121628108568,0.24753371891431986,104.0,0.9920148357274886,127.43494094098689
-6.12921875,-5.8796437277191425,0.24957502228085726,105.0,0.9915591231685887,126.42273154501537
-6.1096875,-5.861362009539341,0.2483254904606591,106.0,0.9917804649946276,125.70336161799457
-6.09015625,-5.840343145113252,0.2498131048867478,107.0,0.9915988809283551,127.3544270798795
-6.070625,-5.820059343853553,0.25056565614644644,108.0,0.9909768900658178,132.00661701447643
-6.05109375,-5.799634620702585,0.2514591292974151,109.0,0.9909885750620988,139.5131248799011
-6.0315625,-5.778453283169503,0.2531092168304969,110.0,0.9909850093047422,145.37293638059168
-6.01203125,-5.7603225038206,0.25170874617939987,111.0,0.9904911560824332,147.01265685517168
-5.9925,-5.740711075478155,0.2517889245218443,112.0,0.9910114154647769,150.60148731943556
-5.97296875,-5.721938737087744,0.25103001291225535,113.0,0.9904500670107319,151.21194697500215
-5.9534375,-5.703526492244519,0.2499110077554807,114.0,0.9907983949395033,152.8882429267442
-5.93390625,-5.684166519942732,0.2497397300572679,115.0,0.9908188018027808,154.61779163223545
-5.914375,-5.667414695154322,0.2469603048456781,116.0,0.9906138005080923,154.43093389853615
-5.89484375,-5.650906332657705,0.2439374173422948,117.0,0.9909301598600694,156.03955558958026
-5.8753125,-5.6330585383796965,0.24225396162030322,118.0,0.9904040955841272,154.22842499539988
-5.85578125,-5.614749326038603,0.24103192396139672,119.0,0.9906768708888458,154.48688909985452
-5.83625,-5.594156008485838,0.242093991514162,120.0,0.9908236931592153,154.31909310907895
-5.81671875,-5.576950317512013,0.23976843248798652,121.0,0.9909346768078858,154.23291408407016
-5.7971875,-5.558965813999776,0.23822168600022398,122.0,0.9911710270400587,153.7009813217365
-5.77765625,-5.540263712852587,0.2373925371474126,123.0,0.9914793218168999,153.41807913839006
-5.758125,-5.522467943507082,0.23565705649291768,124.0,0.9914154870915921,151.9526323483081
-5.73859375,-5.503798476887848,0.23479527311215165,125.0,0.991310929321847,151.5007126136719
-5.7190625,-5.485542248836253,0.23352025116374708,126.0,0.9920429639636678,152.7346315077084
-5.69953125,-5.466763150056712,0.2327680999432875,127.0,0.9914880678574112,150.034671115603
-5.68,-5.448572260815455,0.23142773918454473,128.0,0.9919557477283011,150.62279232535562
-5.66046875,-5.43182143365022,0.22864731634977975,129.0,0.9913566430078253,147.99264517013657
-5.6409375,-5.41177585858976,0.22916164141023998,130.0,0.9919734086445268,148.49276518035538
-5.62140625,-5.392030677676074,0.22937557232392614,131.0,0.9920442957077169,147.26937901201114
-5.601875,-5.37311721811062,0.22875778188937979,132.0,0.9916391902297322,144.5068135705111
-5.58234375,-5.354617020588757,0.22772672941124306,133.0,0.9922496070032406,145.50057105216237
-5.5628125,-5.336272742496073,0.22653975750392696,134.0,0.9919972808823103,142.8614010788062
-5.54328125,-5.318210864894916,0.22507038510508348,135.0,0.9921760361175471,142.69042519286663
-5.52375,-5.299912049074983,0.22383795092501657,136.0,0.9924243479689836,139.97011057979782
-5.50421875,-5.281486839348514,0.22273191065148534,137.0,0.9924197757753274,138.4377088544011
-5.4846875,-5.262135938369233,0.22255156163076695,138.0,0.992120346637778,138.26383310604635
-5.46515625,-5.243943014512477,0.22121323548752247,139.0,0.9923765941101169,135.52827422314323
-5.445625,-5.2258763071977,0.21974869280230003,140.0,0.9919640153087219,131.98820366429794
-5.42609375,-5.207117962961391,0.21897578703860887,141.0,0.9923820382532087,129.0665586272139
-5.4065625,-5.187950249115882,0.2186122508841173,142.0,0.9921006336541607,122.41291742499311
-5.38703125,-5.1695490832032,0.21748216679679988,143.0,0.9920800231392917,118.14539228128241
-5.3675,-5.152187202523273,0.21531279747672638,144.0,0.9924689430376056,116.11026067538126
-5.34796875,-5.130877882235751,0.21709086776424869,145.0,0.9922455169091899,111.50987381548272
-5.3284375,-5.111826204956742,0.2166112950432577,146.0,0.9924993763383573,110.26328241272621
-5.30890625,-5.090746046324492,0.2181602036755077,147.0,0.9922135129996305,104.64928417667961
-5.289375,-5.072600013740666,0.21677498625933378,148.0,0.9926939068390346,102.91629609265367
-5.26984375,-5.0540969520160886,0.21574679798391116,149.0,0.9929512921140812,99.92056931365387
-5.2503125,-5.033215889800769,0.21709661019923043,150.0,0.992890621825679,96.06897696209853
-5.23078125,-5.015727506662354,0.21505374333764582,151.0,0.9930607920775862,95.13978373917757
-5.21125,-4.995572845079805,0.21567715492019435,152.0,0.9933805825686763,92.73860972813348
-5.19171875,-4.978158356638274,0.2135603933617256,153.0,0.9931635726439692,92.6095558956785
-5.1721875,-4.959776657118769,0.2124108428812308,154.0,0.9930364721725826,90.99652958696417
-5.15265625,-4.942635266039192,0.21002098396080804,155.0,0.9924735454904648,90.3234963861535
-5.133125,-4.925880831120469,0.207244168879531,156.0,0.9925639144357532,92.65787868415917
-5.11359375,-4.90826441885178,0.20532933114821983,157.0,0.9920438026305076,91.6075415411831
-5.0940625,-4.889896508460835,0.20416599153916515,158.0,0.9922958481005693,93.8029883828366
-5.07453125,-4.870622353601529,0.20390889639847032,159.0,0.9920198798240264,90.94117825097682
-5.055,-4.852361573310513,0.20263842668948673,160.0,0.9921416318052648,90.75259866231004
-5.03546875,-4.830566167361767,0.20490258263823247,161.0,0.9920166890156967,92.03407238735754
-5.0159375,-4.81107442361515,0.20486307638485002,162.0,0.991104361147564,94.69789553014608
-4.99640625,-4.791194762805939,0.20521148719406046,163.0,0.9915138045304901,100.81347246517902
-4.976875,-4.774015155534615,0.20285984446538485,164.0,0.9906909999399923,102.87085070292264
-4.95734375,-4.755419956760467,0.20192379323953258,165.0,0.9912057485449042,106.4289813324561
-4.9378125,-4.735748200964594,0.20206429903540535,166.0,0.9906652369979946,106.30140412484268
-4.91828125,-4.71691364773642,0.20136760226357975,167.0,0.9906699781739574,107.84463443485343
-4.89875,-4.699283527458676,0.19946647254132355,168.0,0.9906285296510153,111.00814228809999
-4.87921875,-4.681279990955454,0.19793875904454605,169.0,0.9906395927542272,110.8833342382148
-4.8596875,-4.662724450872607,0.19696304912739304,170.0,0.9903432303830643,112.99067227995178
-4.84015625,-4.643836347080447,0.19631990291955237,171.0,0.9903640108130416,112.35988790199498
-4.820625,-4.6246147346474205,0.19601026535257926,172.0,0.9900898673309355,112.6262413136764
-4.80109375,-4.6073489850587706,0.19374476494122916,173.0,0.990119341584108,112.2392798603465
-4.7815625,-4.588132173474857,0.19343032652514314,174.0,0.99019192119016,110.8378859730999
-4.76203125,-4.570800425133796,0.1912308248662038,175.0,0.9902412462814432,111.6819038703172
-4.7425,-4.549557646563681,0.19294235343631883,176.0,0.9904545673696904,109.84764109869725
-4.72296875,-4.532979368706622,0.18998938129337795,177.0,0.9902527046499392,111.08936319895338
-4.7034375,-4.512754104993572,0.1906833950064275,178.0,0.9902643570109126,109.99882970774904
-4.68390625,-4.4932440600598085,0.19066218994019124,179.0,0.9908218562371128,110.0221960854407
-4.664375,-4.4742602169569965,0.19011478304300322,180.0,0.9901279208815098,108.62507129793377
-4.64484375,-4.457125645051048,0.18771810494895202,181.0,0.9905831286885847,109.51348478774716
-4.6253125,-4.439374075917698,0.18593842408230188,182.0,0.9899837136042613,107.55134012905098
-4.60578125,-4.421919516961335,0.1838617330386647,183.0,0.9904254927412812,108.08843301443403
-4.58625,-4.403199743078444,0.18305025692155574,184.0,0.9897651415076892,106.0209937784047
-4.56671875,-4.383742501117113,0.18297624888288677,185.0,0.9897016944205683,105.41509575231393
-4.5471875,-4.365395983787649,0.18179151621235068,186.0,0.9902932886720068,105.28067888966683
-4.52765625,-4.348361142815043,0.17929510718495667,187.0,0.9898222635116786,102.59569878488966
-4.508125,-4.330716121898415,0.177408878101585,188.0,0.990213471278199,103.94521234116684
-4.48859375,-4.312052559796789,0.1765411902032108,189.0,0.9901133962452093,100.79757968437298
-4.4690625,-4.295710611825828,0.1733518881741718,190.0,0.9898167179376823,100.56092379909484
-4.44953125,-4.275969573409169,0.17356167659083077,191.0,0.9897893112318953,98.68278880045399
-4.43,-4.257953635425266,0.17204636457473388,192.0,0.9899267037094776,96.84858259990432
-4.41046875,-4.2391255338337075,0.17134321616629222,193.0,0.9893480726688494,95.56608294863089
-4.3909375,-4.219446215215456,0.171491284784544,194.0,0.9897816116177625,92.46436081187773
-4.37140625,-4.201921892879079,0.16948435712092103,195.0,0.9893031027581597,88.20845299575679
-4.351875,-4.182110883181465,0.1697641168185351,196.0,0.989406586632055,84.52314354861414
-4.33234375,-4.162117232998821,0.1702265170011783,197.0,0.9891332893308357,81.77636992242203
-4.3128125,-4.142219797671597,0.17059270232840262,198.0,0.9895360543787545,79.49907429413216
-4.29328125,-4.122537857328105,0.17074339267189487,199.0,0.9890711530358612,74.95363308682222
-4.27375,-4.102258057088328,0.1714919429116719,200.0,0.9889737654857939,74.46711697158104
-4.25421875,-4.081257000567477,0.17296174943252307,201.0,0.9894010943305988,70.48853083467877
-4.2346875,-4.061700026390798,0.17298747360920164,202.0,0.989423123283381,68.5611710465624
-4.21515625,-4.0413091559900325,0.17384709400996723,203.0,0.9894533783625435,63.36313495818654
-4.195625,-4.0228597950542175,0.17276520494578218,204.0,0.9893169513078155,61.88641097580313
-4.17609375,-4.005445260282304,0.17064848971769564,205.0,0.9897677643835614,59.88088470970871
-4.1565625,-3.9863632210720894,0.1701992789279103,206.0,0.9893780893332191,56.41636829233831
-4.13703125,-3.970464119071066,0.1665671309289336,207.0,0.9892914477539195,55.60587508990992
-4.1175,-3.951975951059735,0.16552404894026473,208.0,0.989130859046616,53.41299575776595
-4.09796875,-3.9350510238295113,0.16291772617048839,209.0,0.9889554888130793,49.94231289744878
-4.0784375,-3.9189003965550806,0.15953710344491911,210.0,0.9882401476074201,49.21847177024842
-4.05890625,-3.9015478231616276,0.1573584268383721,211.0,0.9885567460476997,49.04700875261689
-4.039375,-3.883781940680674,0.15559305931932554,212.0,0.9880869721058217,46.329910294342774
-4.01984375,-3.8643799761982733,0.15546377380172638,213.0,0.9878357440001088,43.50705816753476
-4.0003125,-3.843668717359081,0.1566437826409186,214.0,0.9876342512862855,38.420778501011945
-3.9807812499999997,-3.823424911146972,0.1573563388530279,215.0,0.9879418283448473,36.56018082192905
-3.9612499999999997,-3.8039608220708883,0.15728917792911146,216.0,0.9871371293940268,37.64291738675406
-3.9417187499999997,-3.7866423415841126,0.1550764084158871,217.0,0.9873003022141207,40.76507379173845
-3.9221874999999997,-3.7678934652583966,0.15429403474160308,218.0,0.987251503591123,40.5764893985864
-3.9026562499999997,-3.746039990493001,0.15661625950699865,219.0,0.9867474861769656,41.4340599165408
-3.8831249999999997,-3.7273816849097967,0.155743315090203,220.0,0.9867161767907863,41.97316778745025
-3.8635937499999997,-3.7055775899012713,0.15801616009872843,221.0,0.987140376455876,42.55808413167271
-3.8440624999999997,-3.6876091361022394,0.15645336389776032,222.0,0.9864476514225394,42.39047410815703
-3.8245312499999997,-3.6678816174499085,0.15664963255009123,223.0,0.9869661063643635,43.951097134779374
-3.8049999999999997,-3.6491394527409007,0.15586054725909904,224.0,0.9863789557502762,41.817037391438824
-3.7854687499999997,-3.6315946400464707,0.15387410995352901,225.0,0.986789564730056,42.02296060881943
-3.7659374999999997,-3.6133156853460435,0.1526218146539562,226.0,0.9869073940447181,42.14457056543759
-3.7464062499999997,-3.594093045835138,0.15231320416486183,227.0,0.986338025471746,39.12936572662208
-3.7268749999999997,-3.5760695620675613,0.1508054379324384,228.0,0.9870037035441543,40.038963655029576
-3.7073437499999997,-3.5573467623841726,0.14999698761582714,229.0,0.9869785291225236,38.825215882101666
-3.6878124999999997,-3.5403547193781355,0.1474577806218642,230.0,0.986994441822171,39.64850501352054
-3.6682812499999997,-3.5208565706900665,0.1474246793099332,231.0,0.9876128865872228,39.25991349532751
-3.6487499999999997,-3.5019814364481223,0.1467685635518774,232.0,0.9877438187929563,39.55314024889581
-3.6292187499999997,-3.4846531986936924,0.14456555130630733,233.0,0.9872488352893136,38.36362228479626
-3.6096874999999997,-3.468604721836368,0.14108277816363168,234.0,0.9878200509947915,39.78736433052756
-3.5901562499999997,-3.449206320111466,0.14094992988853372,235.0,0.9873590402598708,37.43373898203934
-3.5706249999999997,-3.4318055453943455,0.13881945460565426,236.0,0.9874549408923693,38.682664231013916
-3.5510937499999997,-3.413002633698336,0.1380911163016636,237.0,0.9876545235991591,38.09333898177444
-3.5315624999999997,-3.395109805267982,0.13645269473201793,238.0,0.9877474344788054,37.44618011617387
-3.5120312499999997,-3.3756387414668985,0.13639250853310125,239.0,0.9873600947844858,36.70552897690192
-3.4924999999999997,-3.357495080249647,0.13500491975035267,240.0,0.9880136266813553,37.52097923420034
-3.4729687499999997,-3.3400265597729195,0.1329421902270802,241.0,0.9879252391885293,36.758705949606785
-3.4534374999999997,-3.322720920601988,0.13071657939801185,242.0,0.9877568454649989,37.89477397644032
-3.4339062499999997,-3.3032062217046323,0.13070002829536742,243.0,0.9884019180574134,37.22861444116366
-3.4143749999999997,-3.2835321337389387,0.130842866261061,244.0,0.9884966453440062,36.805998383475135
-3.3948437499999997,-3.2634509432154166,0.1313928067845831,245.0,0.9879571256755083,34.719461104291774
-3.3753124999999997,-3.2457097525861034,0.12960274741389632,246.0,0.9880952914813671,35.32708343816894
-3.3557812499999997,-3.2255494851090747,0.13023176489092503,247.0,0.9883341906750359,34.00466050027632
-3.3362499999999997,-3.2073484027381434,0.12890159726185635,248.0,0.9879619484461586,31.059827404618726
-3.3167187499999997,-3.1887455583842472,0.1279731916157525,249.0,0.988611331584015,28.846070058394975
-3.2971874999999997,-3.16836749949999,0.12882000050000952,250.0,0.9886659928141242,26.649583499390538
-3.2776562499999997,-3.1480777295956726,0.12957852040432716,251.0,0.9884193575597698,24.03529921275095
-3.2581249999999997,-3.12847822618068,0.12964677381931988,252.0,0.988556432895581,25.57954631138002
-3.2385937499999997,-3.11040848088911,0.1281852691108898,253.0,0.9885655237202434,24.174019878775788
-3.2190624999999997,-3.0925101505275165,0.12655234947248317,254.0,0.9885629665510799,24.920458697570528
-3.1995312499999997,-3.072921817063129,0.12660943293687055,255.0,0.9892644652231534,23.421367925801817
-3.1799999999999997,-3.053129103834726,0.1268708961652738,256.0,0.9895295871203649,23.527358991805773
-3.1604687499999997,-3.0318944530146243,0.12857429698537537,257.0,0.9892973658972234,25.120215597882535
-3.1409374999999997,-3.013321217231833,0.12761628276816683,258.0,0.990148603286589,26.435563840085507
-3.1214062499999997,-2.9957684579040986,0.1256377920959011,259.0,0.9896674799123029,27.489475836352455
-3.1018749999999997,-2.980533571565577,0.12134142843442275,260.0,0.9901691190265962,26.804816988287637
-3.0823437499999997,-2.962481884923095,0.11986186507690455,261.0,0.9900294133406442,26.67396323630662
-3.0628124999999997,-2.944677493618959,0.11813500638104069,262.0,0.9897504849504675,24.77455720376172
-3.0432812499999997,-2.927841927389785,0.11543932261021483,263.0,0.9895802963062096,24.201423521089083
-3.0237499999999997,-2.9119577921334945,0.11179220786650523,264.0,0.9898643615024982,24.96999261901363
-3.0042187499999997,-2.8919868291733817,0.11223192082661804,265.0,0.9892910307250837,25.92872698702395
-2.9846874999999997,-2.870986275426313,0.11370122457368659,266.0,0.9899908101934082,23.860703760317186
-2.9651562499999997,-2.8521369840655892,0.11301926593441047,267.0,0.9900343638270602,22.145760387852864
-2.9456249999999997,-2.8323243872023003,0.11330061279769943,268.0,0.9894846869482703,21.248991243826886
-2.9260937499999997,-2.8129901868839986,0.11310356311600112,269.0,0.9899878270035185,23.679316856401297
-2.9065624999999997,-2.791353070437938,0.1152094295620616,270.0,0.9895866683161452,27.61808246847852
-2.8870312499999997,-2.772822035519496,0.1142092144805038,271.0,0.9897310533696628,28.075264303016127
-2.8674999999999997,-2.752517541352036,0.11498245864796353,272.0,0.9898376103652073,30.865894100273984
-2.8479687499999997,-2.7339195512001244,0.1140491987998753,273.0,0.9900303630199652,32.50808158719558
-2.8284374999999997,-2.7151134308812876,0.11332406911871207,274.0,0.9895470612370001,32.45878128865224
-2.8089062499999997,-2.6976246216935476,0.11128162830645216,275.0,0.990099024114624,34.586240155048344
-2.7893749999999997,-2.679240697896384,0.11013430210361586,276.0,0.9897055119083465,36.6599471186529
-2.7698437499999997,-2.6626487603824995,0.10719498961750018,277.0,0.9897984510902583,37.00599989322463
-2.7503124999999997,-2.6453551489059577,0.10495735109404203,278.0,0.9901098435978175,38.314736696918054
-2.7307812499999997,-2.625803526287313,0.10497772371268654,279.0,0.990125879746121,38.37811581464603
-2.7112499999999997,-2.606700378223073,0.10454962177692684,280.0,0.989570914248155,36.55564400819298
-2.6917187499999997,-2.589197234577586,0.1025215154224135,281.0,0.9902248321686965,37.73681642291375
-2.6721874999999997,-2.5713595402411844,0.10082795975881531,282.0,0.9903865209092189,38.86317665817332
-2.6526562499999997,-2.5534524437626076,0.09920380623739211,283.0,0.9901976990218676,38.417034584384304
-2.6331249999999997,-2.5331604505580847,0.09996454944191502,284.0,0.9906598697613783,38.95386242010399
-2.6135937499999997,-2.5156735961030177,0.09792015389698205,285.0,0.9907297569427169,39.255893459338466
-2.5940624999999997,-2.4961758581965516,0.09788664180344808,286.0,0.991223531333222,39.738282968461064
-2.5745312499999997,-2.4797410157396165,0.09479023426038324,287.0,0.9907850790481818,38.219687995257694
-2.5549999999999997,-2.461606354265683,0.09339364573431652,288.0,0.9907264219848927,37.983202125882535
-2.5354687499999997,-2.4396517586241204,0.09581699137587929,289.0,0.9911457784185043,38.36451376907559
-2.5159374999999997,-2.4199109560687444,0.09602654393125531,290.0,0.9911034887431066,37.97233788367021
-2.4964062499999997,-2.4014796678112345,0.09492658218876526,291.0,0.9912055895056614,37.91884225723174
-2.4768749999999997,-2.3832782495988223,0.09359675040117743,292.0,0.9908403063181388,37.55918788658514
-2.4573437499999997,-2.3655562854058982,0.09178746459410148,293.0,0.9907363198319639,36.80984224643723
-2.4378124999999997,-2.3475858445083384,0.09022665549166131,294.0,0.9911299859513988,37.22324319328095
-2.4182812499999997,-2.3286085543188033,0.0896726956811964,295.0,0.9915269522751476,37.4701170806853
-2.3987499999999997,-2.309783899337993,0.08896610066200683,296.0,0.9909849168743727,35.93464023468659
-2.3792187499999997,-2.291032773063406,0.08818597693659358,297.0,0.9909543564344367,34.49930354922402
-2.3596874999999997,-2.2731630990669456,0.08652440093305414,298.0,0.9914232966657102,35.49701494380181
-2.3401562499999997,-2.2547256797831077,0.08543057021689204,299.0,0.9911706609604759,34.80655725016817
-2.3206249999999997,-2.237642825201194,0.08298217479880554,300.0,0.9909578688951977,34.07116901978132
-2.3010937499999997,-2.2185398818321356,0.08255386816786414,301.0,0.9913694646509548,32.444784587164825
-2.2815624999999997,-2.197712430693408,0.08385006930659156,302.0,0.9913656916120723,29.85937607272973
-2.2620312499999997,-2.1796524597256344,0.08237879027436534,303.0,0.9910623618552307,26.492128528663926
-2.2424999999999997,-2.159461156066549,0.08303884393345085,304.0,0.9912072449423902,24.12307297838337
-2.2229687499999997,-2.1416890585929877,0.08127969140701197,305.0,0.9913354564674514,23.10870204299269
-2.2034374999999997,-2.123372123923051,0.08006537607694852,306.0,0.9908042261876677,23.540465131827002
-2.1839062499999997,-2.101458011825736,0.08244823817426372,307.0,0.9913902712162368,23.8229146180003
-2.1643749999999997,-2.082856959545094,0.08151804045490563,308.0,0.9913655883924826,23.151798152144064
-2.1448437499999997,-2.0617619086100163,0.08308184138998342,309.0,0.9911238135165882,23.025823174925797
-2.1253124999999997,-2.04296413129459,0.08234836870540985,310.0,0.9914275506142278,24.09425435534256
-2.1057812499999997,-2.022767928834875,0.0830133211651245,311.0,0.9918802894424164,27.38804674744651
-2.0862499999999997,-2.0029195637639217,0.08333043623607805,312.0,0.9914433843035302,27.226933011712035
-2.0667187499999997,-1.9843800247916865,0.0823387252083132,313.0,0.9920284367705742,26.384709803680973
-2.0471874999999997,-1.9651460541534556,0.08204144584654416,314.0,0.9913906649649693,24.69152769221625
-2.0276562499999997,-1.9480168961575575,0.07963935384244225,315.0,0.99138702089246,23.545732335698187
-2.0081249999999997,-1.9322146795327422,0.07591032046725754,316.0,0.990714124012325,20.609284981895897
-1.98859375,-1.9146416677106157,0.07395208228938421,317.0,0.990998641636839,19.456671919956186
-1.9690625,-1.895580812895062,0.07348168710493796,318.0,0.9909420039791627,20.51381686827474
-1.94953125,-1.8761257765927788,0.07340547340722114,319.0,0.990556717017354,19.849559737241727
-1.93,-1.8563450915533264,0.07365490844667355,320.0,0.9906151688299711,19.51039161040917
-1.91046875,-1.8382848392473796,0.07218391075262032,321.0,0.9910595043921315,21.806731834315915
-1.8909375,-1.8204719035609436,0.07046559643905637,322.0,0.9904027517719123,22.620284704821458
-1.87140625,-1.8003593127914026,0.07104693720859734,323.0,0.990943623553577,26.835346393376117
-1.851875,-1.7796633235462556,0.07221167645374438,324.0,0.9902563223421527,27.02179003010326
-1.83234375,-1.7591890188890322,0.07315473111096771,325.0,0.990958671261582,29.07471521097858
-1.8128125,-1.7401524558828478,0.0726600441171521,326.0,0.9907765911196524,29.99700924283715
-1.79328125,-1.7232120436743414,0.0700692063256585,327.0,0.9902531936623096,30.138493892614687
-1.77375,-1.705610678468388,0.06813932153161195,328.0,0.9908360803755553,33.0280473886327
-1.75421875,-1.6862962968289645,0.0679224531710354,329.0,0.9901272664717725,33.31098309834105
-1.7346875,-1.6654528722234863,0.06923462777651368,330.0,0.9905245493750975,34.295725789177474
-1.71515625,-1.647458996835711,0.06769725316428898,331.0,0.9900791903076887,33.84718407249162
-1.695625,-1.6281937387496495,0.06743126125035048,332.0,0.9899578195429035,32.418692956497935
-1.67609375,-1.6136385702420695,0.06245517975793047,333.0,0.9904422082151665,33.35150153482147
-1.6565625,-1.5952603801476863,0.0613021198523136,334.0,0.9900659297144694,34.263560856228274
-1.63703125,-1.5724306501567464,0.0646005998432535,335.0,0.9903550500731977,35.46862195540106
-1.6175,-1.5509865183774822,0.06651348162251769,336.0,0.9906908745941777,37.19226035491316
-1.59796875,-1.5329548943855411,0.06501385561445883,337.0,0.9906087003620929,36.30407460759707
-1.5784375,-1.514614511732115,0.0638229882678849,338.0,0.9908355044890751,36.44438391516642
-1.55890625,-1.4959696391032948,0.0629366108967051,339.0,0.9911295328459265,37.2154367133744
-1.539375,-1.476852967297828,0.06252203270217205,340.0,0.9906037823169884,34.7745421813783
-1.51984375,-1.4583483528775323,0.061495397122467654,341.0,0.9911364956970078,36.95500158844658
-1.5003125,-1.4384702185003315,0.06184228149966842,342.0,0.9904031929624291,35.0737945957433
-1.48078125,-1.4210529321361725,0.059728317863827485,343.0,0.9909220099258613,35.93056950139064
-1.46125,-1.4023486655410742,0.05890133445892576,344.0,0.9909075488205528,35.98620104119892
-1.44171875,-1.3843523757970548,0.0573663742029451,345.0,0.9906435288006178,35.86315508836871
-1.4221875,-1.366783965622017,0.055403534377982844,346.0,0.990889998354625,36.466778535283815
-1.40265625,-1.3474424720331264,0.055213777966873545,347.0,0.9905377840384834,36.824455024987905
-1.383125,-1.32939386089834,0.05373113910165994,348.0,0.9910339982295735,37.713880335909224
-1.36359375,-1.3102263073915117,0.05336744260848825,349.0,0.9907363220881198,36.20472569582356
-1.3440625,-1.2928056765415248,0.051256823458475154,350.0,0.9907121483311802,35.957550293154746
-1.32453125,-1.2751477920929093,0.049383457907090644,351.0,0.9908858348789097,35.63914950457739
-1.305,-1.2555782185898032,0.04942178141019671,352.0,0.9909922277920866,36.160577708833316
-1.28546875,-1.2378046347339353,0.04766411526606462,353.0,0.9906160832287519,34.50964999734298
-1.2659375,-1.2185424282251742,0.047395071774825714,354.0,0.9908716776060311,34.28787868914917
-1.24640625,-1.198950130527185,0.04745611947281492,355.0,0.9905749810446332,30.934704280888255
-1.226875,-1.1810256578983207,0.045849342101679236,356.0,0.9907245609734665,28.091244525662354
-1.20734375,-1.1609145688732994,0.04642918112670058,357.0,0.9910355695947596,26.526097890146712
-1.1878125,-1.1409089327093143,0.04690356729068568,358.0,0.9905384347711037,25.1710717608171
-1.16828125,-1.1218439499964792,0.046437300003520754,359.0,0.9909773728397958,26.088339826001206
-1.14875,-1.1019464114747195,0.04680358852528044,360.0,0.9904901718783878,23.965874125591252
-1.12921875,-1.082717480988162,0.04650126901183804,361.0,0.9910040483736988,24.721178255564805
-1.1096875,-1.061510660252032,0.04817683974796805,362.0,0.9911749213498164,23.93423709963243
-1.09015625,-1.043027121179545,0.047129128820454946,363.0,0.9911710437030588,23.28819415719911
-1.070625,-1.0246109844045506,0.046014015595449376,364.0,0.9916280990039933,26.42306051807726
-1.05109375,-1.005117999167956,0.04597575083204397,365.0,0.9913412148655918,25.630457283625113
-1.0315625,-0.9852270683688699,0.046335431631130075,366.0,0.9917982982975215,27.443235710354365
-1.01203125,-0.96844220273736,0.0435890472626399,367.0,0.9912266765136499,25.752199126600356
-0.9924999999999999,-0.9535358890464993,0.03896411095350061,368.0,0.9911060311662041,26.238800823922652
-0.9729687499999999,-0.9369975748956372,0.03597117510436276,369.0,0.9915590739738644,28.686835365540404
-0.9534374999999999,-0.9207944170427891,0.032643082957210856,370.0,0.990774731071767,28.19737903312162
-0.9339062499999999,-0.9032753761550144,0.03063087384498553,371.0,0.991147848352187,29.98232813948436
-0.9143749999999999,-0.8837294520846809,0.030645547915319038,372.0,0.9912089198684282,29.863086888239607
-0.8948437499999999,-0.8646434371115894,0.03020031288841052,373.0,0.9912138525400574,29.647433713846702
-0.8753124999999999,-0.8441044684206279,0.03120803157937202,374.0,0.9911376335339911,29.392212584348652
-0.8557812499999999,-0.825165290143074,0.03061595985692589,375.0,0.991498741001657,30.944347773543928
-0.8362499999999999,-0.8055744848597358,0.03067551514026412,376.0,0.9911438859497615,31.462521610808903
-0.8167187499999999,-0.7865460950649451,0.030172654935054832,377.0,0.9915940214493866,34.55176732535026
-0.7971874999999999,-0.7656802213878577,0.0315072786121422,378.0,0.9913050420277666,33.87076999070558
-0.7776562499999999,-0.7470609236344312,0.03059532636556872,379.0,0.9912289497782562,33.8986901025262
-0.7581249999999999,-0.7282185458306978,0.029906454169302155,380.0,0.9914497998614705,35.433209958449076
-0.7385937499999999,-0.7090640154154328,0.02952973458456709,381.0,0.9916768345531143,36.89380208792094
-0.7190624999999999,-0.6903386294611774,0.028723870538822527,382.0,0.9912342924731553,37.16752331731608
-0.6995312499999999,-0.6717792061892697,0.027752043810730265,383.0,0.9917244417144165,38.641488721781975
-0.6799999999999999,-0.6526434758022494,0.027356524197750587,384.0,0.9912740611380879,38.54990183112579
-0.6604687499999999,-0.6341972744142418,0.026271475585758153,385.0,0.991460508447286,38.08857618369205
-0.6409374999999999,-0.617784449862738,0.023153050137261988,386.0,0.9913617937294217,37.359440487596814
-0.6214062499999999,-0.5981112396061737,0.0232950103938262,387.0,0.9919060399225728,37.88982464769054
-0.6018749999999999,-0.5793473631452188,0.022527636854781097,388.0,0.9914318095525709,36.85721679975575
-0.5823437499999999,-0.5611743021341045,0.021169447865895474,389.0,0.9922060120949685,38.9449647615513
-0.5628124999999999,-0.5408588724187602,0.021953627581239754,390.0,0.992051617610799,39.250366021582906
-0.5432812499999999,-0.5245149421148683,0.018766307885131672,391.0,0.9922921268533349,38.46528553977721
-0.5237499999999999,-0.5074106604736913,0.016339339526308616,392.0,0.9924980265058483,38.53328100486216
-0.5042187499999999,-0.4891894838981151,0.01502926610188482,393.0,0.9928112848905145,40.34834856374575
-0.48468749999999994,-0.470413576333914,0.01427392366608593,394.0,0.9922752377412765,39.477056376464326
-0.46515624999999994,-0.45253171893871114,0.012624531061288802,395.0,0.9928417029355892,40.057219373428296
-0.44562499999999994,-0.43193860913752496,0.013686390862474973,396.0,0.992526846522706,39.28543466625738
-0.42609374999999994,-0.413163137232993,0.01293061276700691,397.0,0.9925090314653761,39.24468382348418
-0.40656249999999994,-0.3975757484576588,0.008986751542341131,398.0,0.9924268996968918,38.49177317295232
-0.38703124999999994,-0.37956223707549835,0.0074690129245015835,399.0,0.9929819446015479,40.207806557824696
-0.36749999999999994,-0.36060309265869084,0.0068969073413091,400.0,0.9924131543185989,38.75016598392377
-0.34796874999999994,-0.34038029907037853,0.007588450929621404,401.0,0.9931199739648559,40.30072861448789
-0.32843749999999994,-0.3218492560634879,0.006588243936512028,402.0,0.9926494769110223,39.40744523752207
-0.30890624999999994,-0.30187327417514814,0.007032975824851795,403.0,0.9928474857752994,38.811565187519726
-0.28937499999999994,-0.28490258294906406,0.004472417050935873,404.0,0.9931259610860445,38.153244754993175
-0.26984374999999994,-0.2645332189251071,0.005310531074892821,405.0,0.9930195011548951,38.86223097723015
-0.25031249999999994,-0.2462104000291509,0.004102099970849038,406.0,0.9930070389908289,38.71944438411809
-0.23078124999999994,-0.2263120152645328,0.004469234735467148,407.0,0.9929759816062288,38.46784747321367
-0.21124999999999994,-0.20896258462192466,0.0022874153780752804,408.0,0.992654958553405,36.344764436893904
-0.19171874999999994,-0.19056983959598175,0.001148910404018183,409.0,0.9928746264305006,34.12644146367449
-0.17218749999999994,-0.17224059443342252,-5.3094433422579135e-05,410.0,0.9931586231777141,32.79154939429001
-0.15265624999999994,-0.15219460328395873,0.00046164671604120855,411.0,0.9931180097525427,32.399114503069484
-0.13312499999999994,-0.1333916715371435,-0.0002666715371435757,412.0,0.9926198344858763,31.186756263497355
-0.11359374999999994,-0.11473816328908662,-0.001144413289086682,413.0,0.9930671604362921,32.04115323052098
-0.09406249999999994,-0.09660556223304455,-0.00254306223304461,414.0,0.9929456159104277,33.44200486293091
-0.07453124999999994,-0.07715720865840771,-0.0026259586584077704,415.0,0.9932800212035403,33.72825753490226
-0.05499999999999994,-0.058125846016012506,-0.003125846016012568,416.0,0.9929127792974687,32.905294085164265
-0.03546874999999994,-0.03715253961580075,-0.0016837896158008112,417.0,0.993319845568779,34.0395063881149
-0.015937499999999938,-0.01755343011858631,-0.0016159301185863714,418.0,0.9938038535172127,35.059711787390896
0.003593750000000062,0.001235643004262909,-0.002358106995737153,419.0,0.9936350096905764,36.57493792065725
0.023125000000000062,0.017787529407240953,-0.00533747059275911,420.0,0.9931790343638331,36.020212116529926
0.04265625000000006,0.036270810001844137,-0.006385439998155926,421.0,0.99333339177975,34.52669561841585
0.06218750000000006,0.05292201865394379,-0.009265481346056273,422.0,0.9930622028400824,33.45409014827577
0.08171875000000006,0.0694265748468407,-0.012292175153159363,423.0,0.9933050329295224,33.50568347416295
0.10125000000000006,0.0884873055027806,-0.012762694497219465,424.0,0.9929800861752216,32.96858649668334
0.12078125000000006,0.10485339003701041,-0.01592785996298965,425.0,0.9926636343626789,33.577885267922674
0.14031250000000006,0.12551084384558603,-0.014801656154414033,426.0,0.9925942738857685,33.61191264288857
0.15984375000000006,0.1458317044793068,-0.014012045520693267,427.0,0.9931245756946752,34.31861288418053
0.17937500000000006,0.16727756837067279,-0.012097431629327277,428.0,0.9929074336558641,34.553711409191855
0.19890625000000006,0.18715515129511126,-0.011751098704888802,429.0,0.9926746453005852,36.081399418468
0.21843750000000006,0.20489629096652653,-0.013541209033473528,430.0,0.9929811003205995,38.92330457729971
0.23796875000000006,0.22450014709844662,-0.01346860290155344,431.0,0.9925170745448232,39.21421553383059
0.25750000000000006,0.24203288220250055,-0.015467117797499513,432.0,0.992514896042846,39.62476983504435
0.27703125000000006,0.26109501803054574,-0.015936231969454318,433.0,0.992369583796295,40.23884787123411
0.29656250000000006,0.28030153583499534,-0.01626096416500472,434.0,0.9928303569437533,42.14701000147041
0.31609375000000006,0.2986614941695255,-0.017432255830474586,435.0,0.992658886082012,43.93661351825908
0.33562500000000006,0.3169528176201008,-0.01867218237989926,436.0,0.9922266691610299,43.0092061763906
0.35515625000000006,0.3337774423120108,-0.021378807687989276,437.0,0.9926386569695047,44.977337526441254
0.37468750000000006,0.35190398722423927,-0.022783512775760795,438.0,0.9925522532655983,44.331876434545876
0.39421875000000006,0.3700555303885153,-0.024163219611484765,439.0,0.9918444924532772,42.35000010737124
0.41375000000000006,0.38805146757646547,-0.025698532423534592,440.0,0.9923779128439807,43.76961004524635
0.43328125000000006,0.40662124625784424,-0.026660003742155824,441.0,0.9920662040083493,43.550397576553145
0.45281250000000006,0.4239106266909324,-0.028901873309067683,442.0,0.9920505736531151,43.95460806764963
0.47234375000000006,0.44160529903120893,-0.03073845096879113,443.0,0.9925668630359332,45.415166976228136
0.49187500000000006,0.461287149917774,-0.030587850082226087,444.0,0.9921564630004504,44.20250971609641
0.5114062500000001,0.48094308019324156,-0.030463169806758505,445.0,0.9921694809270464,43.263822641963436
0.5309375000000001,0.4973381398318623,-0.03359936016813775,446.0,0.9928070728488365,44.37547893988624
0.5504687500000001,0.5184133581312993,-0.03205539186870077,447.0,0.992371374660592,42.68844005611851
0.5700000000000001,0.5352604374032929,-0.034739562596707185,448.0,0.9922444832886861,42.78962859577216
0.5895312500000001,0.5546309708831912,-0.03490027911680882,449.0,0.9925466569190484,43.41568550532087
0.6090625000000001,0.5732704185385469,-0.035792081461453185,450.0,0.9923130777137918,44.38891647126744
0.6285937500000001,0.5931462288117969,-0.03544752118820316,451.0,0.9920258193269386,43.24908511451921
0.6481250000000001,0.6129924272954388,-0.03513257270456127,452.0,0.9915848113304725,43.150341037841805
0.6676562500000001,0.631318571811669,-0.03633767818833111,453.0,0.9922446509723606,43.81849483044818
0.6871875000000001,0.6495114174861737,-0.03767608251382637,454.0,0.9916999560240732,42.97793889660989
0.7067187500000001,0.6668649723575593,-0.0398537776424408,455.0,0.9920178910237878,45.05216463955205
0.7262500000000001,0.6870763071055209,-0.03917369289447914,456.0,0.9921111321127674,44.560842914589045
0.7457812500000001,0.7052458507045016,-0.04053539929549843,457.0,0.9921495340836785,44.028282959890596
0.7653125000000001,0.7240636448240729,-0.041248855175927135,458.0,0.9916260262444739,41.958773232091154
0.7848437500000001,0.7411452278963533,-0.043698522103646775,459.0,0.9915006804543095,43.553565415078815
0.8043750000000001,0.7586461771521208,-0.04572882284787927,460.0,0.991518891532215,41.41705051755852
0.8239062500000001,0.7753676721368689,-0.048538577863131205,461.0,0.9910429708992049,41.11809755468431
0.8434375000000001,0.7949792292621614,-0.048458270737838705,462.0,0.991055487311811,38.71195828560065
0.8629687500000001,0.8143729617107381,-0.04859578828926192,463.0,0.9915278807576701,37.02428223461889
0.8825000000000001,0.8339296663538797,-0.0485703336461204,464.0,0.9908125436415827,33.37866560565409
0.9020312500000001,0.8504500588278839,-0.051581191172116125,465.0,0.9911928524579263,34.827328979960285
0.9215625000000001,0.8698025125324393,-0.05175998746756072,466.0,0.9907955866926287,33.5826254845843
0.9410937500000001,0.8877349192721887,-0.053358830727811335,467.0,0.9907114679579367,33.88322096985722
0.9606250000000001,0.9083168446056885,-0.05230815539431155,468.0,0.9905606712657841,32.332874160634695
0.9801562500000001,0.9294477146893331,-0.05070853531066699,469.0,0.9909404857899522,30.56162473003879
0.9996875000000001,0.948624621404261,-0.0510628785957391,470.0,0.9904502658074217,29.25601985564447
1.01921875,0.9681126629074411,-0.05110608709255893,471.0,0.9912469895266933,29.48196338848808
1.03875,0.9885437153014333,-0.050206284698566805,472.0,0.9909833230362278,27.898808223946887
1.05828125,1.0073280510224587,-0.05095319897754136,473.0,0.990673104260446,28.34006436585566
1.0778125,1.0266622242072168,-0.051150275792783306,474.0,0.9909480218448438,30.748378517594098
1.09734375,1.0437292400822398,-0.05361450991776029,475.0,0.99074045999749,33.112153006550585
1.116875,1.0606945019272749,-0.05618049807272518,476.0,0.9899174370472047,34.98548341567079
1.13640625,1.0765117471811523,-0.059894502818847783,477.0,0.9900468443546665,38.51971221924958
1.1559375,1.0941593384494506,-0.06177816155054949,478.0,0.9897302687500301,40.4394782587887
1.17546875,1.1140100072690446,-0.06145874273095542,479.0,0.9895772321731896,41.67632916870968
1.195,1.1327007835707292,-0.06229921642927083,480.0,0.9894848946045933,41.755896496941325
1.21453125,1.1514626555313703,-0.06306859446862978,481.0,0.9893689800389904,40.394473732827834
1.2340625,1.1700909570008884,-0.06397154299911167,482.0,0.9889026947766775,40.57344986938139
1.25359375,1.189855662794692,-0.06373808720530816,483.0,0.989396474684091,42.825124349839854
1.273125,1.2091482517981913,-0.06397674820180876,484.0,0.9890065361850433,44.27686915129956
1.29265625,1.2288296310966575,-0.06382661890334251,485.0,0.9885988543760545,44.82170982415779
1.3121875,1.2483912577615988,-0.0637962422384013,486.0,0.988473609702715,44.29643830121146
1.33171875,1.265722857800063,-0.06599589219993707,487.0,0.9890814630247211,44.50592048493289
1.35125,1.2827949585857605,-0.06845504141423953,488.0,0.9885467588420885,44.784983810676984
1.37078125,1.3035294184121693,-0.06725183158783077,489.0,0.9882497990531521,45.631963287651736
1.3903125,1.3214481911314249,-0.0688643088685752,490.0,0.9885675143805487,46.72938855536583
1.40984375,1.3395229197015477,-0.07032083029845237,491.0,0.9878936666123955,45.74548389267706
1.429375,1.3574401659157165,-0.07193483408428358,492.0,0.9877625915147493,45.34486933860109
1.44890625,1.374367880680346,-0.07453836931965396,493.0,0.9877072917918229,45.61922852137171
1.4684375,1.3946801162621807,-0.07375738373781937,494.0,0.988009701568776,45.17483974370687
1.48796875,1.4143755761741865,-0.07359317382581354,495.0,0.9872769040017957,43.1436675686494
1.5075,1.4333839304313873,-0.07411606956861272,496.0,0.9878471154934685,44.046448926827296
1.52703125,1.4535468393601916,-0.07348441063980848,497.0,0.98772921981173,43.614482240127984
1.5465625,1.472185614323749,-0.074376885676251,498.0,0.9877817173901242,43.57952761862984
1.56609375,1.4888294214325912,-0.07726432856740884,499.0,0.9876162790863295,43.537038581892745
1.585625,1.5086671433105832,-0.0769578566894169,500.0,0.9879136046024926,44.80212357350023
1.60515625,1.5265277907264208,-0.07862845927357931,501.0,0.9872423377417093,44.00789392804987
1.6246875,1.5448923579007425,-0.07979514209925753,502.0,0.9876664902240875,44.392167197116166
1.64421875,1.5630808700729835,-0.0811378799270166,503.0,0.9874577900069512,43.54599746780317
1.66375,1.5827180763527424,-0.08103192364725764,504.0,0.9870293816191553,42.59216201106388
1.68328125,1.5992507284341577,-0.08403052156584234,505.0,0.9868189968561831,41.61147377394445
1.7028125,1.6177605662084342,-0.08505193379156584,506.0,0.9871400983233705,41.789363460069595
1.72234375,1.6355481111700925,-0.0867956388299076,507.0,0.9866977511156402,41.940043270598856
1.741875,1.6567986148202685,-0.0850763851797316,508.0,0.9871325275242963,41.37412940542154
1.76140625,1.674773709359779,-0.08663254064022108,509.0,0.9869583268123434,40.82099049984289
1.7809375,1.692545068156966,-0.08839243184303403,510.0,0.986679192085738,39.49285670687962
1.80046875,1.7093555623439183,-0.09111318765608178,511.0,0.9870631994179704,38.708682378847726
1.82,1.7288017227861425,-0.09119827721385754,512.0,0.9864733853232968,38.27216098422988
1.83953125,1.7474387686781305,-0.09209248132186953,513.0,0.9868777280416112,38.39063931126928
1.8590625,1.7657496377213149,-0.09331286227868518,514.0,0.9861947884470516,36.24662262936475
1.87859375,1.7861784111043748,-0.09241533889562525,515.0,0.9861838027005612,35.48347488662955
1.898125,1.8048186503531556,-0.09330634964684448,516.0,0.9868247078948972,34.08562112358243
1.91765625,1.8242003574802925,-0.09345589251970754,517.0,0.9863554102307954,31.43257252890855
1.9371875,1.8424313548416638,-0.0947561451583363,518.0,0.9866061004479914,30.832955096972405
1.95671875,1.8646307487045153,-0.09208800129548478,519.0,0.9862373482104371,30.767642264619752
1.97625,1.885149999910603,-0.09110000008939712,520.0,0.9860685674452163,29.828886447940295
1.99578125,1.9052062849247668,-0.09057496507523322,521.0,0.9860065668476548,28.65390647740489
2.0153125000000003,1.9223709121612296,-0.09294158783877071,522.0,0.9865302377646258,28.908806423253136
2.0348437500000003,1.9416672128538377,-0.09317653714616259,523.0,0.986078355377255,30.174038722007204
2.0543750000000003,1.9610276683797694,-0.0933473316202309,524.0,0.986849479111059,31.479846099748762
2.0739062500000003,1.9812754877420027,-0.0926307622579976,525.0,0.986478719735757,32.77542080248291
2.0934375000000003,2.001244888016372,-0.09219261198362849,526.0,0.9869019428500887,32.90082069486535
2.1129687500000003,2.018049295669415,-0.09491945433058513,527.0,0.9868503326197475,31.476071629159343
2.1325000000000003,2.0338751039301366,-0.09862489606986369,528.0,0.9861930352610971,30.810774700098495
2.1520312500000003,2.050976784979392,-0.10105446502060822,529.0,0.9862783440191474,26.845314485069576
2.1715625000000003,2.069427121911685,-0.10213537808831541,530.0,0.9860194672732129,25.904666466840272
2.1910937500000003,2.08796493181397,-0.10312881818603037,531.0,0.9854314794523573,23.828547840868865
2.2106250000000003,2.104349379777497,-0.10627562022250325,532.0,0.9859931109940027,25.356725501795143
2.2301562500000003,2.1229736418332563,-0.10718260816674396,533.0,0.985792554440928,24.237543806665553
2.2496875000000003,2.143390461105573,-0.10629703889442732,534.0,0.9850680052632488,22.1792140961248
2.2692187500000003,2.1623349278494786,-0.10688382215052172,535.0,0.9853569963276068,22.025314956432606
2.2887500000000003,2.1814263941200656,-0.10732360587993472,536.0,0.9851882046040097,25.418889055009938
2.3082812500000003,2.2019490518123908,-0.10633219818760953,537.0,0.9846733520964355,27.64841435706741
2.3278125000000003,2.221214859368382,-0.10659764063161825,538.0,0.9851595841111995,31.335819466300386
2.3473437500000003,2.2416093015782126,-0.1057344484217877,539.0,0.9850436844263807,32.86262183192236
2.3668750000000003,2.260780363775478,-0.10609463622452209,540.0,0.9844973705546441,34.685753729363846
2.3864062500000003,2.2795509002916376,-0.10685534970836263,541.0,0.9848603967652598,36.94668927177544
2.4059375000000003,2.30045597143482,-0.10548152856518023,542.0,0.9845518607316952,40.63802139332711
2.4254687500000003,2.3188868418179243,-0.10658190818207602,543.0,0.9844791433860713,41.21596080745672
2.4450000000000003,2.3382486714529165,-0.1067513285470838,544.0,0.9843309958447347,44.527419122302504
2.4645312500000003,2.3563622185870545,-0.10816903141294576,545.0,0.9842605936660063,45.42163716274283
2.4840625000000003,2.3745610797606513,-0.10950142023934895,546.0,0.9841614993715233,44.98543092587437
2.5035937500000003,2.39345978989402,-0.11013396010598031,547.0,0.9841168731462461,46.78513142648477
2.5231250000000003,2.4110224269494336,-0.1121025730505667,548.0,0.9840018382066261,47.16228541517493
2.5426562500000003,2.4302083372209364,-0.11244791277906385,549.0,0.9844243673114218,50.16450668393414
2.5621875000000003,2.4489417032377845,-0.1132457967622158,550.0,0.9840052269210243,50.37187488793095
2.5817187500000003,2.466926676670683,-0.11479207332931729,551.0,0.984119173979832,52.29798980220122
2.6012500000000003,2.485145256570883,-0.11610474342911736,552.0,0.9846702949911756,55.97089003230276
2.6207812500000003,2.5033771840530967,-0.11740406594690356,553.0,0.9840894564585644,56.837743498666356
2.6403125000000003,2.521053049977149,-0.11925945002285143,554.0,0.9845925143828085,59.368962349205255
2.6598437500000003,2.541761469685187,-0.11808228031481338,555.0,0.9843226046380568,60.860618581241745
2.6793750000000003,2.557410898583389,-0.12196410141661129,556.0,0.9838920389376751,60.899368716036925
2.6989062500000003,2.5759295049942597,-0.12297674500574063,557.0,0.9838156533898149,61.99296183376495
2.7184375000000003,2.59497651588825,-0.12346098411175044,558.0,0.9842674173517941,64.46730214047005
2.7379687500000003,2.615359876309799,-0.12260887369020113,559.0,0.983586321437527,64.41945537326033
2.7575000000000003,2.6334515694882152,-0.12404843051178505,560.0,0.9842146522736753,66.25013034155803
2.7770312500000003,2.6495350066841286,-0.12749624331587173,561.0,0.9837303074610677,65.76581979941646
2.7965625000000003,2.6709784154911564,-0.12558408450884384,562.0,0.9844412043577278,66.96140992086673
2.8160937500000003,2.6909783629008284,-0.12511538709917192,563.0,0.9842716073862031,66.65308013322418
2.8356250000000003,2.709242917546152,-0.1263820824538482,564.0,0.984259360431172,65.25666113437275
2.8551562500000003,2.7280442360038903,-0.12711201399610994,565.0,0.9840922748029652,66.49619134155839
2.8746875000000003,2.7466849861349347,-0.12800251386506556,566.0,0.9843036700099689,66.06105624155984
2.8942187500000003,2.7662323339948682,-0.12798641600513205,567.0,0.9838904292383988,65.4996451669415
2.9137500000000003,2.783758932683433,-0.1299910673165674,568.0,0.9838693288708966,63.503434927984955
2.9332812500000003,2.8016345102196047,-0.13164673978039554,569.0,0.9845351412986162,61.36668226189266
2.9528125000000003,2.8215291279502925,-0.13128337204970775,570.0,0.9841103289897606,58.77209649382608
2.9723437500000003,2.8416878888298855,-0.13065586117011474,571.0,0.9846669268919895,57.23549885314902
2.9918750000000003,2.86073275218823,-0.1311422478117703,572.0,0.9840579649159339,55.99896572118036
3.0114062500000003,2.878634423120934,-0.13277182687906608,573.0,0.9845804422172516,55.64071971002059
3.0309375000000003,2.8982032972644474,-0.13273420273555292,574.0,0.9840399979517903,54.2549470960054
3.0504687500000003,2.9163275629760306,-0.1341411870239697,575.0,0.9841236030146746,52.9172914237558
3.0700000000000003,2.9341331986154353,-0.13586680138456497,576.0,0.9849050413909035,53.321986754294805
3.0895312500000003,2.954502619720725,-0.13502863027927514,577.0,0.9846027949670183,53.31615015359014
3.1090625000000003,2.974048341772755,-0.1350141582272455,578.0,0.9853222971119251,54.864451766494
3.1285937500000003,2.9955592082536553,-0.133034541746345,579.0,0.9848476066849909,55.37037738943011
3.1481250000000003,3.0139514625211237,-0.13417353747887661,580.0,0.9849017918152393,54.574848189751634
3.1676562500000003,3.0299401228829144,-0.13771612711708592,581.0,0.9854835729573506,52.459842816738345
3.1871875000000003,3.048360403513399,-0.1388270964866014,582.0,0.984569462898246,50.34556121320922
3.2067187500000003,3.0643491829473177,-0.14236956705268256,583.0,0.9849450241693163,47.92792747083808
3.2262500000000003,3.0826300609219737,-0.14361993907802661,584.0,0.9842406985900115,47.354917699762574
3.2457812500000003,3.100137953155849,-0.14564329684415123,585.0,0.9845695813367729,46.15176873743317
3.2653125000000003,3.1192547251779508,-0.1460577748220495,586.0,0.984397584078892,47.34255659395037
3.2848437500000003,3.13943044112907,-0.14541330887093018,587.0,0.9841049859556243,46.42767880153522
3.3043750000000003,3.157924824985973,-0.14645017501402746,588.0,0.9842950293921808,46.46577990101478
3.3239062500000003,3.1785445104617565,-0.14536173953824383,589.0,0.9839533718914174,50.3887582724054
3.3434375000000003,3.1987008653239815,-0.14473663467601883,590.0,0.9841708032319493,53.80050593978183
3.3629687500000003,3.219878490398151,-0.1430902596018493,591.0,0.9837546908662214,57.97146725863475
3.3825000000000003,3.2383268030677548,-0.1441731969322455,592.0,0.9839979814377735,60.54715296016267
3.4020312500000003,3.25669417426591,-0.14533707573409016,593.0,0.9836065725181921,60.40545542773248
3.4215625000000003,3.274475457596351,-0.14708704240364945,594.0,0.98387263266825,63.558025672304666
3.4410937500000003,3.2927256117256065,-0.14836813827439377,595.0,0.983543236990577,63.92892058695253
3.4606250000000003,3.3097459547428114,-0.15087904525718887,596.0,0.9838270330215261,67.91481936615479
3.4801562500000003,3.33000645508272,-0.1501497949172803,597.0,0.9833582147462228,67.29106698852165
3.4996875000000003,3.346651207598385,-0.1530362924016151,598.0,0.9835764537776156,67.88536800719028
3.5192187500000003,3.366044891136067,-0.1531738588639331,599.0,0.9832488167126407,69.22446932117815
3.5387500000000003,3.3836190580558148,-0.15513094194418553,600.0,0.983632689003238,69.97726940745461
3.5582812500000003,3.4010497485884152,-0.15723150141158504,601.0,0.9830360329042294,69.7644166246498
3.5778125000000003,3.4192689101107607,-0.15854358988923956,602.0,0.983843815520125,72.15019853832884
3.5973437500000003,3.4387319118424435,-0.15861183815755675,603.0,0.9832748369630261,72.32547398332714
3.6168750000000003,3.458776457007053,-0.15809854299294734,604.0,0.9836127271285106,74.26906172233247
3.6364062500000003,3.4779250973994666,-0.15848115260053364,605.0,0.9840160850230889,76.70923994667113
3.6559375000000003,3.4946205169093254,-0.16131698309067488,606.0,0.9835632346027698,77.09462570390038
3.6754687500000003,3.5150232849369454,-0.1604454650630549,607.0,0.9841502693584088,78.86632732128089
3.6950000000000003,3.5325206956804256,-0.1624793043195747,608.0,0.9835556258790699,79.07774799066686
3.7145312500000003,3.553377038157275,-0.16115421184272538,609.0,0.9838620321703434,81.52752791014163
3.7340625000000003,3.573857227305548,-0.16020527269445228,610.0,0.9835213778617651,81.37175520522574
3.7535937500000003,3.5922785130585684,-0.1613152369414319,611.0,0.983304526693701,80.99249571335086
3.7731250000000003,3.6102432648754244,-0.16288173512457593,612.0,0.9835736568765254,81.29960367893388
3.7926562500000003,3.6270677006849334,-0.16558854931506684,613.0,0.9831238221305915,81.0957469135999
3.8121875000000003,3.644323305260689,-0.16786419473931113,614.0,0.9836838043957735,82.77046013511148
3.8317187500000003,3.663947606128832,-0.16777114387116843,615.0,0.9831868060068781,81.51290971235181
3.8512500000000003,3.6820989487810456,-0.16915105121895468,616.0,0.9834235704429,80.85406755388074
3.8707812500000003,3.702383010095064,-0.1683982399049362,617.0,0.9835648306533855,80.31478969763609
3.8903125000000003,3.71905655478781,-0.17125594521219023,618.0,0.9834217140648842,78.89876718600232
3.9098437500000003,3.735687924747198,-0.17415582525280238,619.0,0.983538414205852,78.61367862757007
3.9293750000000003,3.7534265892787073,-0.17594841072129297,620.0,0.9830564073910928,75.98748925058719
3.9489062500000003,3.772526762357341,-0.17637948764265943,621.0,0.9831255498150026,74.50007290776955
3.9684375000000003,3.7934358426929227,-0.17500165730707762,622.0,0.9835357183852894,71.2248687359504
3.9879687500000003,3.813360677340919,-0.17460807265908107,623.0,0.9830990983637273,65.25457334274601
4.0075,3.82973355149383,-0.17776644850617007,624.0,0.9837647689371907,62.29032748451802
4.02703125,3.8489424297485466,-0.17808882025145367,625.0,0.9836015854502945,60.82412336372166
4.0465625,3.8677069042767096,-0.17885559572329068,626.0,0.9835040788161756,61.47083667671763
4.06609375,3.8898484652978618,-0.17624528470213852,627.0,0.9835729066391917,62.23226200193375
4.085625,3.912871061374011,-0.1727539386259891,628.0,0.9838881290593315,61.185690356739315
4.10515625,3.927036297536707,-0.17811995246329326,629.0,0.9839609613178071,61.23605293460878
4.1246875,3.947796588439663,-0.1768909115603372,630.0,0.9847443653790329,65.63296853546059
4.14421875,3.966794478224916,-0.17742427177508446,631.0,0.9843889909986429,68.98409710936585
4.16375,3.989155705645076,-0.17459429435492435,632.0,0.9852464464003967,75.04325985127144
4.18328125,4.011308239938449,-0.17197301006155108,633.0,0.9852596885735356,78.2290652435775
4.2028125,4.027580200559146,-0.1752322994408546,634.0,0.9846496301413588,78.3644994830658
4.22234375,4.042268119570893,-0.18007563042910757,635.0,0.9850522345099462,81.070081214174
4.241875,4.056899132621779,-0.18497586737822136,636.0,0.9843775316211566,82.40812606806158
4.26140625,4.074463492742874,-0.1869427572571265,637.0,0.9846527197544827,84.45331907297566
4.2809375,4.09328653777153,-0.1876509622284699,638.0,0.9839861273052245,86.61334969192306
4.30046875,4.1123713064645235,-0.18809744353547675,639.0,0.9840116871306336,88.85226370440336
4.32,4.1311185829852475,-0.1888814170147528,640.0,0.9844373026041261,92.33069968375845
4.33953125,4.147575326890041,-0.19195592310995924,641.0,0.9838128625906702,94.00761500763588
4.3590625,4.165749406455504,-0.19331309354449644,642.0,0.9843301100594125,99.63340487275138
4.37859375,4.186195196182952,-0.19239855381704807,643.0,0.9835979731548081,103.9105930378509
4.398125,4.2067843977212895,-0.19134060227871075,644.0,0.9838477318379912,111.7694063798373
4.41765625,4.227052191467233,-0.19060405853276752,645.0,0.983699942241628,116.83232545989965
4.4371875,4.243522564313017,-0.19366493568698306,646.0,0.9834900166055547,117.73336444480793
4.45671875,4.2610462519522185,-0.19567249804778175,647.0,0.9837573383038362,122.65234125005652
4.47625,4.278134442779945,-0.19811555722005547,648.0,0.9834310745853821,124.50285746638781
4.49578125,4.297367327425977,-0.1984139225740229,649.0,0.9835455254696377,129.86236382111235
4.5153125,4.316344332892835,-0.19896816710716525,650.0,0.9832819356698418,131.34974830099947
4.53484375,4.336041558195211,-0.19880219180478953,651.0,0.9834371432324981,133.63674501331553
4.554375,4.353186789220999,-0.2011882107790015,652.0,0.9827603299618821,135.93592057584638
4.57390625,4.370802779714077,-0.20310347028592357,653.0,0.983323112487622,137.12734049943808
4.5934375,4.3896645866983555,-0.20377291330164482,654.0,0.9826973804346498,138.60343750997524
4.61296875,4.409349852193673,-0.20361889780632758,655.0,0.9831190798205722,140.02387566712395
4.6325,4.429684341536093,-0.2028156584639076,656.0,0.9830446842706694,142.52861815478482
4.65203125,4.445601694655313,-0.20642955534468754,657.0,0.9831929641764435,143.95238627705214
4.6715625,4.463956064607614,-0.20760643539238632,658.0,0.9833682112336145,143.95362441311883
4.69109375,4.48344856704966,-0.2076451829503405,659.0,0.9834422049448818,146.44277409754406
4.710625,4.502852862575135,-0.20777213742486556,660.0,0.9833848352013241,147.1137817650961
4.73015625,4.522485958107306,-0.20767029189269426,661.0,0.9833326487503415,148.7479028640153
4.7496875,4.5400670907895195,-0.20962040921048075,662.0,0.9831168972429608,148.4553134331238
4.76921875,4.5583559722352724,-0.21086277776472784,663.0,0.9831395250451438,148.42794773239095
4.78875,4.576162526213782,-0.21258747378621834,664.0,0.9830540367381303,149.80956315295052
4.80828125,4.592047209464751,-0.21623404053524897,665.0,0.98286083352648,148.65363405843814
4.8278125,4.609280850553564,-0.21853164944643666,666.0,0.9830241703982827,149.296240710831
4.84734375,4.629745577692796,-0.21759817230720468,667.0,0.9825266533571487,148.2721138207441
4.866875,4.64873069090721,-0.21814430909279015,668.0,0.9829992057136924,148.95130899758098
4.88640625,4.6656740923469995,-0.2207321576530008,669.0,0.9828327427445673,148.07990316940595
4.9059375,4.681779618048783,-0.2241578819512169,670.0,0.9824766817755015,145.70865848851403
4.92546875,4.699399341175377,-0.2260694088246229,671.0,0.9828527755908087,144.8959182983939
4.945,4.7177365357069405,-0.22726346429305977,672.0,0.9823430650925137,142.15513775073347
4.96453125,4.736563464861097,-0.2279677851389037,673.0,0.9827500058278082,141.78272857096675
4.9840625,4.756211813254587,-0.22785068674541353,674.0,0.9819261213677508,138.8589576367806
5.00359375,4.776611519750332,-0.22698223024966868,675.0,0.9819754435910143,134.48991073030834
5.023125,4.795903196731568,-0.22722180326843233,676.0,0.9825823340995892,130.13949702243553
5.04265625,4.8150424004288075,-0.2276138495711928,677.0,0.9820832818934047,123.57186320134494
5.0621875,4.835928875475321,-0.2262586245246796,678.0,0.9827594832491823,120.43208702978467
5.08171875,4.8562389268900805,-0.22547982310991976,679.0,0.9825052599465286,115.66654971369209
5.10125,4.875754768761238,-0.22549523123876192,680.0,0.9827660464945324,115.11369180206712
5.12078125,4.8945994487789,-0.22618180122110054,681.0,0.982770127175963,115.29143083389621
5.1403125,4.913463907758776,-0.22684859224122444,682.0,0.9829890375675288,112.8509522668475
5.15984375,4.9337376629481495,-0.22610608705185076,683.0,0.9835701391237647,115.48410640129224
5.179375,4.954771649941079,-0.2246033500589215,684.0,0.9835987006916362,116.80779358870993
5.19890625,4.974245710007926,-0.22466053999207425,685.0,0.9842516234986022,120.86430625489366
5.2184375,4.991965748878399,-0.22647175112160145,686.0,0.9843784407143183,124.32707951930823
5.23796875,5.006411347745048,-0.23155740225495247,687.0,0.9841454650879429,124.0858630180297
5.2575,5.024869266089103,-0.23263073391089772,688.0,0.9844081458120701,127.1772048593311
5.27703125,5.041201637041591,-0.2358296129584092,689.0,0.9842399706801374,126.48844340997273
5.2965625,5.060741083090677,-0.23582141690932357,690.0,0.9842723209884677,129.64273275087078
5.31609375,5.076597535448415,-0.23949621455158532,691.0,0.9838007853126229,128.43009698567255
5.335625,5.090551457112848,-0.24507354288715266,692.0,0.9838668526510129,131.38046080671006
5.35515625,5.108271503762669,-0.24688474623733114,693.0,0.9836802542978852,134.1486649034358
5.3746875,5.128775499387995,-0.24591200061200524,694.0,0.9839799235343675,135.1307437519443
5.39421875,5.150155668624958,-0.2440630813750424,695.0,0.9833141958693813,139.4551851039504
5.41375,5.16699212670036,-0.24675787329964027,696.0,0.9835895223105311,142.76540152027425
5.43328125,5.1853454862548904,-0.24793576374510984,697.0,0.983128085211321,149.87872623432057
5.4528125,5.206106636614671,-0.24670586338532896,698.0,0.982985751944162,155.78655826205522
5.47234375,5.227975453580244,-0.244368296419756,699.0,0.9827787963250505,160.14287354948024
5.491875,5.249541505583564,-0.24233349441643615,700.0,0.9830859080586465,166.44756151129994
5.51140625,5.26746643482078,-0.24393981517922025,701.0,0.9825835743342668,167.31459810510034
5.5309375,5.2857419154767324,-0.24519558452326784,702.0,0.9830701519019214,171.4249812697036
5.55046875,5.302350952119055,-0.248117797880945,703.0,0.982468141748856,173.08053929555098
5.57,5.321140239785044,-0.24885976021495626,704.0,0.9824661257854234,176.21927998257252
5.58953125,5.3396366251198035,-0.24989462488019676,705.0,0.9827117385020093,180.35787947043553
5.6090625,5.358779925484642,-0.2502825745153583,706.0,0.982221745100975,178.27572197729452
5.62859375,5.376465819350621,-0.25212793064937955,707.0,0.9825279093585509,181.20131290973305
5.648125,5.392564533812055,-0.25556046618794515,708.0,0.9824485446353916,180.66663980103505
5.66765625,5.409574688776431,-0.2580815612235696,709.0,0.9824975305438752,183.2101896962954
5.6871875,5.428486179803794,-0.25870132019620584,710.0,0.9823459430622897,183.3378101064096
5.70671875,5.447399589347041,-0.259319160652959,711.0,0.9829762782843107,184.54355104841846
5.72625,5.46759260499248,-0.2586573950075204,712.0,0.9827567516031331,185.06482645910017
5.74578125,5.484699868765435,-0.2610813812345656,713.0,0.9833542085843112,186.2425750253625
5.7653125,5.501945066529449,-0.2633674334705516,714.0,0.9830015764147653,186.88021728994158
5.78484375,5.518531459100878,-0.2663122908991227,715.0,0.9832694945095891,187.05637038783664
5.804375,5.536997686173088,-0.26737731382691265,716.0,0.98322582308642,186.74710281592033
5.82390625,5.555806248264246,-0.2681000017357542,717.0,0.9827386633769745,187.10907389531116
5.8434375,5.573974262345073,-0.26946323765492686,718.0,0.9829422217705426,187.10184275969547
5.86296875,5.592429594111923,-0.270539155888077,719.0,0.9824911126315399,186.30224428194967
5.8825,5.60997044689162,-0.27252955310838,720.0,0.9828770570773,186.5376225475419
5.90203125,5.630454216402323,-0.27157703359767726,721.0,0.9824471310152977,185.96493576828638
5.9215625,5.647865662204111,-0.2736968377958897,722.0,0.9823647826129612,184.85450680004175
5.94109375,5.66688235594484,-0.27421139405516026,723.0,0.9828560713582641,183.9316030803639
5.960625,5.686820259596996,-0.27380474040300395,724.0,0.9823915898265168,182.495214126219
5.98015625,5.7047527553954405,-0.2754034946045598,725.0,0.9827051965476364,179.62946182623025
5.9996875,5.721952670206102,-0.2777348297938982,726.0,0.9824328697472258,178.36231819040103
6.01921875,5.7392860763682965,-0.2799326736317038,727.0,0.9824663614355812,175.98997068899155
6.03875,5.757862919833103,-0.280887080166897,728.0,0.9823261329576619,174.01247520817932
6.05828125,5.779735413713803,-0.278545836286197,729.0,0.9820523777273984,168.45576228335617
6.0778125,5.799243953427043,-0.2785685465729575,730.0,0.9822876934364501,161.52572579820176
6.09734375,5.818918807728348,-0.27842494227165204,731.0,0.9823539664842211,154.18821088821286
6.116875,5.835323188035504,-0.28155181196449597,732.0,0.9825285975717835,148.47926234305248
6.13640625,5.855893754534699,-0.28051249546530155,733.0,0.98263735429392,143.4535835277916
6.1559375,5.876508978662665,-0.2794285213373353,734.0,0.9827336565070351,141.05659839033976
6.17546875,5.89660565945511,-0.2788630905448901,735.0,0.9834161311750932,140.61128207830802
6.195,5.91722859932631,-0.2777714006736902,736.0,0.9834153864948941,138.70345968823108
6.21453125,5.9359114888926054,-0.27861976110739484,737.0,0.9840494735238603,139.57437209011619
6.2340625,5.954844637848961,-0.2792178621510395,738.0,0.9843361610897162,143.02624188456582
6.25359375,5.973277566679431,-0.2803161833205694,739.0,0.9845940621231025,146.48677727160552
6.273125,5.991874962541247,-0.28125003745875343,740.0,0.985064696573982,151.12348907741926
6.29265625,6.01179855449626,-0.28085769550374007,741.0,0.9847007952459427,154.208097513118
6.3121875,6.028468952205599,-0.2837185477944013,742.0,0.9852980708298062,156.78387506225621
6.33171875,6.044881266840661,-0.28683748315933943,743.0,0.9846302947411905,159.54924476058247
6.35125,6.062112890828646,-0.28913710917135393,744.0,0.9848523669241019,162.56217978337799
6.37078125,6.078780036201043,-0.29200121379895716,745.0,0.9849416854677848,166.30345331799393
6.3903125,6.097342878703365,-0.29296962129663484,746.0,0.9848781238653114,171.58520806613268
6.40984375,6.116945451654195,-0.29289829834580505,747.0,0.9841253085538206,174.65541936808435
6.429375,6.136321236763731,-0.2930537632362693,748.0,0.9846807871764511,180.63500777351126
6.44890625,6.156302774142967,-0.2926034758570335,749.0,0.9838534727002785,185.72306075187336
6.4684375,6.175089166412763,-0.2933483335872369,750.0,0.9841521180422265,192.76339113679091
6.48796875,6.194322766751386,-0.2936459832486147,751.0,0.9841067956490498,202.7577164553602
6.5075,6.2165894600606695,-0.2909105399393308,752.0,0.9832290420118278,209.8066845647962
6.52703125,6.236612718226927,-0.2904185317730734,753.0,0.9838553028237313,216.5361468414488
6.5465625,6.254592970862094,-0.29196952913790586,754.0,0.983185466824104,220.67557884870016
6.56609375,6.272256635566156,-0.2938371144338445,755.0,0.9837980255816012,226.364209873969
6.585625,6.289724757149669,-0.29590024285033145,756.0,0.983153327914507,228.05546376962195
6.60515625,6.307519041592107,-0.29763720840789354,757.0,0.9832376150604819,232.38744398870637
6.6246875,6.326739573003846,-0.29794792699615424,758.0,0.9835694945299157,237.34541166391185
6.64421875,6.343853565184112,-0.30036518481588814,759.0,0.9831554374841864,237.67803195005737
6.66375,6.360946104997358,-0.3028038950026426,760.0,0.9836955997477024,241.25262039166074
6.68328125,6.3791000607349515,-0.3041811892650488,761.0,0.983126610756671,241.23856515781583
6.7028125,6.397529556498373,-0.3052829435016271,762.0,0.983786392919765,244.58470525647783
6.72234375,6.416124342429252,-0.3062194075707483,763.0,0.9838552160999647,246.20660225875892
6.741875,6.433077856660143,-0.3087971433398575,764.0,0.983663405243167,246.14924388385967
6.76140625,6.449593189675773,-0.3118130603242273,765.0,0.9843235813946205,249.28257984630577
6.7809375,6.467882298241926,-0.31305520175807455,766.0,0.9838839657224893,249.47480181912505
6.80046875,6.487062521581597,-0.31340622841840293,767.0,0.984536276829128,251.47081454437202
6.82,6.506231896856188,-0.3137681031438122,768.0,0.9843299205366859,251.33958275773915
6.83953125,6.525523376101979,-0.31400787389802165,769.0,0.984462353333135,251.59737123573854
6.8590625,6.542041747055816,-0.31702075294418464,770.0,0.984357093146127,252.85254288139546
6.87859375,6.558765342167528,-0.319828407832472,771.0,0.9843997993544574,252.07070597190955
6.898125,6.578156647268309,-0.3199683527316912,772.0,0.9842338556301072,252.5098507815624
6.91765625,6.595184732589701,-0.32247151741029967,773.0,0.9843094351650439,251.53440323236296
6.9371875,6.614258754981968,-0.32292874501803226,774.0,0.9839036152734322,250.55071956221227
6.95671875,6.631305265256548,-0.32541348474345266,775.0,0.9839000356042359,249.71430916397955
6.97625,6.648567346389521,-0.3276826536104789,776.0,0.9844213662995617,249.6296828073707
6.99578125,6.665284237453287,-0.33049701254671326,777.0,0.98392947901168,247.4170150398321
7.0153125,6.684029971939728,-0.3312825280602727,778.0,0.9844125740925731,246.20833916239053
7.03484375,6.701476910269114,-0.33336683973088643,779.0,0.9838123789030506,243.28374630726705
7.054375,6.719319904552835,-0.3350550954471654,780.0,0.9842843903843354,240.88479086943943
7.07390625,6.736007951171996,-0.33789829882800415,781.0,0.9841661952639202,239.1064944356455
7.0934375,6.7536514057164405,-0.33978609428355977,782.0,0.9837067734068105,235.48764777722894
7.11296875,6.771618322755082,-0.34135042724491793,783.0,0.9839456682860398,231.62242096713743
7.1325,6.793476319781605,-0.33902368021839546,784.0,0.9835494733549882,223.40458831155726
7.15203125,6.814791011573053,-0.33724023842694706,785.0,0.9840535820692348,214.79922891256138
7.1715625,6.8351266397494825,-0.33643586025051775,786.0,0.9840351135162353,204.8164782360377
7.19109375,6.853445821284266,-0.3376479287157341,787.0,0.9844486220684515,198.83440596411293
7.210625,6.871662684644421,-0.3389623153555794,788.0,0.9845619868914647,194.4557130709801
7.23015625,6.891385798739438,-0.3387704512605625,789.0,0.9848086937731417,190.74637425773074
7.2496875,6.914068613019862,-0.3356188869801384,790.0,0.9853389606374692,187.84056333502608
7.26921875,6.934723347094092,-0.3344954029059082,791.0,0.9856519108563409,188.19920131109583
7.28875,6.954224464774004,-0.33452553522599615,792.0,0.9862660661261617,190.55474396364028
7.30828125,6.9715918780204635,-0.33668937197953674,793.0,0.9864422722753029,193.2694035079918
7.3278125,6.989381405408519,-0.33843109459148124,794.0,0.9869258950538489,197.28064281002023
7.34734375,7.009870969108647,-0.33747278089135335,795.0,0.9871548148590451,201.18580568941212
7.366875,7.0270067319854,-0.3398682680145999,796.0,0.9869431032053075,202.9503191843828
7.38640625,7.043766664091105,-0.3426395859088949,797.0,0.9870721465011357,207.16388302749795
7.4059375,7.059935776786349,-0.34600172321365097,798.0,0.9864947965356977,209.2538233843624
7.42546875,7.07525099497586,-0.3502177550241399,799.0,0.9865396742447098,212.58409255414495
7.445,7.092507072947152,-0.3524929270528485,800.0,0.9865835216050045,218.02595975611808
7.46453125,7.109424277837979,-0.35510697216202125,801.0,0.9861743205467396,221.44024718170652
7.4840625,7.128302130883968,-0.35576036911603204,802.0,0.9863238250349996,227.52673225264445
7.50359375,7.146737182234758,-0.35685656776524244,803.0,0.9856662167605291,232.88535232315365
7.523125,7.1668352940831666,-0.35628970591683373,804.0,0.9853240256536575,242.62232201695772
7.54265625,7.188538894650036,-0.35411735534996414,805.0,0.9855604909681948,255.04319492176322
7.5621875,7.207527058377735,-0.35466044162226495,806.0,0.9848898788904018,263.3872570915991
7.58171875,7.2265815853023385,-0.35513716469766177,807.0,0.9854269902218236,273.2410701923738
7.60125,7.246422760212455,-0.3548272397875456,808.0,0.9846828556009376,279.8430825924705
7.62078125,7.265656995307061,-0.3551242546929396,809.0,0.9852743698783661,286.80725126697854
7.6403125,7.284098101205683,-0.35621439879431716,810.0,0.984876182509717,291.49596355198594
7.65984375,7.301904700611892,-0.3579390493881087,811.0,0.9847891995778252,295.91148429612883
7.679375,7.319205592704979,-0.36016940729502167,812.0,0.985454022055674,301.2391715195324
7.69890625,7.336581911527348,-0.36232433847265266,813.0,0.9847990698753588,303.8122814770948
7.7184375,7.355862135792264,-0.3625753642077365,814.0,0.9852733839524689,307.7212056244471
7.73796875,7.376677925174222,-0.3612908248257787,815.0,0.9850011782486308,311.0917130570653
7.7575,7.394703218577502,-0.3627967814224986,816.0,0.9852950027789183,313.02798482213404
7.77703125,7.411468045482029,-0.3655632045179713,817.0,0.9854641771338009,315.5706976329707
7.7965625,7.427544948198065,-0.3690175518019352,818.0,0.9857834402152786,318.69736468171504
7.81609375,7.444263294277487,-0.37183045572251316,819.0,0.985430884000575,319.3823218503
7.835625,7.463275608736551,-0.372349391263449,820.0,0.9862408127150761,322.9560866403046
7.85515625,7.4818957984533405,-0.37326045154665977,821.0,0.9860269129914028,324.60908263597133
7.8746875,7.500742415805446,-0.3739450841945544,822.0,0.9861326775274973,325.65710055606047
7.89421875,7.516045917185864,-0.37817283281413605,823.0,0.9862459054186613,325.9050605872209
7.91375,7.532379130801203,-0.3813708691987969,824.0,0.9865780585162639,327.94828897160204
7.93328125,7.549329529356466,-0.3839517206435339,825.0,0.9861086294315348,326.59206581221684
7.9528125,7.567209832854927,-0.38560266714507296,826.0,0.9864709090883713,328.27075683585105
7.97234375,7.585668985413088,-0.3866747645869122,827.0,0.9858670502716524,327.2417803762985
7.991875,7.604595420573295,-0.3872795794267052,828.0,0.9858935714755122,327.9658484045984
8.01140625,7.621372068508825,-0.39003418149117497,829.0,0.9860836378995098,327.53697374638836
8.0309375,7.637209207428897,-0.39372829257110364,830.0,0.9863261704709109,327.24622251597174
8.05046875,7.653320414808408,-0.3971483351915923,831.0,0.9859245548944948,326.1145626473228
8.07,7.671039634412897,-0.39896036558710346,832.0,0.9863580085896714,325.4924143816678
8.08953125,7.692804263613911,-0.3967269863860894,833.0,0.9859488280934845,322.2333194855617
8.1090625,7.709911041502256,-0.39915145849774447,834.0,0.9860702255270289,321.0269421684234
8.12859375,7.728571823209354,-0.40002192679064663,835.0,0.9859984307226883,317.61737768120184
8.148125,7.7473194776113985,-0.4008055223886018,836.0,0.9859211185737987,315.5644460357771
8.16765625,7.765972756267804,-0.4016834937321967,837.0,0.9853426806202076,310.339269575802
8.1871875,7.786897808846081,-0.4002896911539189,838.0,0.9858156201941741,305.0962238668992
8.20671875,7.805472410947248,-0.40124633905275253,839.0,0.9852659557313488,295.38550114956007
8.22625,7.82371793034768,-0.40253206965232025,840.0,0.9854372205709654,286.699684651372
8.24578125,7.844409322347721,-0.4013719276522796,841.0,0.9859903046361381,277.51366932846827
8.2653125,7.8652130557019575,-0.4000994442980428,842.0,0.9860408360079301,268.50420761954285
8.28484375,7.883572112736342,-0.4012716372636582,843.0,0.986529010757661,264.44527280341964
8.304375,7.905134752513091,-0.399240247486909,844.0,0.9870750698818714,258.8624694759017
8.32390625,7.923298357183854,-0.4006078928161463,845.0,0.9871349034627797,254.73635708000862
8.3434375,7.943419692553603,-0.4000178074463969,846.0,0.9877214848081577,255.54008825947233
8.36296875,7.960063653079295,-0.40290509692070486,847.0,0.9887331575083116,258.47112422748734
8.3825,7.977026150003216,-0.4054738499967847,848.0,0.9886388568772339,261.28304611596093
8.40203125,7.997272126468697,-0.4047591235313037,849.0,0.9891134779297792,265.34260079873013
8.4215625,8.016591938229427,-0.40497056177057367,850.0,0.989293027048549,269.1276046624186
8.44109375,8.031443789893915,-0.40964996010608523,851.0,0.9890121301339585,271.9694684387049
8.460625,8.046795602939556,-0.41382939706044475,852.0,0.9888624957910583,274.8540472332741
8.48015625,8.062295089606359,-0.41786116039364174,853.0,0.9892112069645507,280.1801271133839
8.4996875,8.079405614890735,-0.4202818851092651,854.0,0.9884411482220129,286.2770770179213
8.51921875,8.095227136366113,-0.4239916136338877,855.0,0.9886640094925064,291.8403788616197
8.53875,8.115368046178345,-0.42338195382165544,856.0,0.9881181858074994,300.07352699421136
8.55828125,8.133423936692674,-0.4248573133073261,857.0,0.9879486641766717,307.40331255958614
8.5778125,8.153559637418708,-0.4242528625812927,858.0,0.9874948130673918,317.35168903710513
8.59734375,8.174172039618446,-0.42317171038155443,859.0,0.9872957200455054,332.6157687996464
8.616875,8.194119817709815,-0.42275518229018516,860.0,0.9868308688124601,343.44219677541435
8.63640625,8.217917700012352,-0.4184885499876483,861.0,0.986797700747881,359.4180059638233
8.6559375,8.236668876102872,-0.4192686238971284,862.0,0.9864435652793075,366.26675061329934
8.67546875,8.255241611474588,-0.42022713852541216,863.0,0.9869892641762568,375.4665343832749
8.695,8.273156456392128,-0.42184354360787246,864.0,0.9868752711596588,382.08020360604905
8.71453125,8.291910434646622,-0.4226208153533779,865.0,0.9864781738204859,386.53123080232535
8.7340625,8.309513565347302,-0.42454893465269805,866.0,0.9870922056639062,393.6483784086213
8.75359375,8.32701210561882,-0.42658164438118007,867.0,0.98648072607413,397.2314295273624
8.773125,8.344237754810115,-0.42888724518988575,868.0,0.9870790819187436,403.0074145929398
8.79265625,8.360690533210281,-0.43196571678971907,869.0,0.9871157581484016,406.16967755351016
8.8121875,8.375632189868416,-0.43655531013158466,870.0,0.9866338547295852,407.4415377885966
8.83171875,8.392280727823255,-0.4394380221767449,871.0,0.9871469106122024,412.54568764884783
8.85125,8.410589809209089,-0.44066019079091134,872.0,0.9868070934663091,414.15549592263335
8.87078125,8.429082690800781,-0.4416985591992191,873.0,0.9874507556587595,418.62518646933836
8.8903125,8.444690728485787,-0.44562177151421345,874.0,0.9870962840852359,418.99772637935246
8.90984375,8.460100523728286,-0.44974322627171404,875.0,0.9872614675746805,420.92350829415665
8.929375,8.477909650744323,-0.4514653492556775,876.0,0.9877529131605476,425.1062096676329
8.94890625,8.494605104669235,-0.45430114533076527,877.0,0.9876038906664959,425.6108897831901
8.9684375,8.514599232162064,-0.453838267837936,878.0,0.9876923971004609,427.66905401398566
8.98796875,8.531847987361322,-0.45612076263867785,879.0,0.9877999119502847,428.7568902111448
9.0075,8.550355687423112,-0.45714431257688837,880.0,0.9874483845307731,429.5930262046731
9.02703125,8.567227931522533,-0.45980331847746747,881.0,0.9871757866782678,430.22538259555233
9.0465625,8.584049175729415,-0.462513324270585,882.0,0.9873284248856723,430.49266117548615
9.06609375,8.604221460230013,-0.4618722897699872,883.0,0.9870903114810478,430.9616360110832
9.085625,8.620359949683511,-0.46526505031648924,884.0,0.9869992855161934,430.34246905298613
9.10515625,8.637521364698756,-0.4676348853012442,885.0,0.9873040892238525,431.42800989459596
9.1246875,8.653956712809752,-0.47073078719024863,886.0,0.9867854443277195,429.9161001382916
9.14421875,8.671455364170663,-0.47276338582933697,887.0,0.9867146335172938,430.1344401721389
9.16375,8.690290018859898,-0.47345998114010257,888.0,0.9868409707839019,428.7055094052166
9.18328125,8.707426225514203,-0.47585502448579753,889.0,0.9861893559812456,425.1745729783651
9.2028125,8.724069785965671,-0.478742714034329,890.0,0.9865022925051432,424.9559121349719
9.22234375,8.740770557292839,-0.48157319270716137,891.0,0.9859179561713874,422.0881794439393
9.241875,8.75757202602783,-0.48430297397217004,892.0,0.9858562644014995,419.50787558238704
9.26140625,8.774649146166555,-0.4867571038334457,893.0,0.9857654421109739,415.3694997645946
9.2809375,8.794969892913015,-0.4859676070869856,894.0,0.985021397177355,407.56616299267284
9.30046875,8.814523990439074,-0.4859447595609261,895.0,0.9854015489769863,399.6732675554676
9.32,8.834471030521879,-0.4855289694781213,896.0,0.9848365538116769,388.2623844897182
9.33953125,8.853412022608953,-0.48611922739104685,897.0,0.9853607968210468,379.9186505290392
9.3590625,8.872849393384296,-0.48621310661570405,898.0,0.9850185212183449,370.54743508759174
9.37859375,8.89286504863087,-0.4857287013691298,899.0,0.9854075218490932,363.9859753550401
9.398125,8.912659421320011,-0.48546557867998885,900.0,0.9860395508886497,358.2085144102908
9.41765625,8.931165051635768,-0.4864911983642326,901.0,0.9864226914063641,353.55398030572684
9.4371875,8.951064527654154,-0.48612297234584645,902.0,0.9867260027751592,351.69447565636557
9.45671875,8.9719914765477,-0.48472727345230027,903.0,0.987406787892197,353.72411347938913
9.47625,8.9898625896056,-0.4863874103943999,904.0,0.9869291076385186,353.70326752825497
9.49578125,9.009131566439317,-0.4866496835606835,905.0,0.9869520081983698,355.66721571872336
9.5153125,9.026126698701946,-0.48918580129805456,906.0,0.9872144607900388,359.2927585180905
9.53484375,9.042212817174889,-0.4926309328251115,907.0,0.9863498117539435,361.43205744623873
9.554375,9.057580858275857,-0.49679414172414305,908.0,0.9860448687060838,364.6743305952984
9.57390625,9.072495239249928,-0.501411010750072,909.0,0.985727883429357,370.4071917490317
9.5934375,9.089121337047432,-0.5043161629525681,910.0,0.9847533676345883,376.81717602078686
9.61296875,9.107582264284058,-0.5053864857159418,911.0,0.9841259118049834,385.4036612778074
9.6325,9.127420999829834,-0.5050790001701664,912.0,0.9837560583475,397.06271649328113
9.65203125,9.14594709493495,-0.5060841550650501,913.0,0.9825423196453074,407.2992338551775
9.6715625,9.16415814136831,-0.5074043586316908,914.0,0.9823790621360559,422.8494101237127
9.69109375,9.18371348309895,-0.5073802669010501,915.0,0.981252498631138,437.0357938117258
9.710625,9.206010824297989,-0.5046141757020113,916.0,0.9809598089231183,453.39360735590907
9.73015625,9.227338259523233,-0.5028179904767676,917.0,0.9805243918331873,466.0596506380417
9.7496875,9.246269477801716,-0.503418022198284,918.0,0.980416814496949,474.21264767900306
9.76921875,9.264040451471853,-0.505178298528147,919.0,0.9804063807129582,482.55588800383646
9.78875,9.2790494314956,-0.5097005685043996,920.0,0.9799424174325903,487.03074661272296
9.80828125,9.298070945302515,-0.5102103046974857,921.0,0.9799448425691613,495.90297306495245
9.8278125,9.315247327051278,-0.5125651729487224,922.0,0.9792499214568768,501.0220650816018
9.84734375,9.33329668767239,-0.5140470623276094,923.0,0.9790409856839186,507.4337122343474
9.866875,9.349514140127186,-0.5173608598728148,924.0,0.9790967997520124,512.6039653283467
9.88640625,9.365424598266339,-0.5209816517336616,925.0,0.9788752578062772,517.5177546637767
9.9059375,9.382700739576809,-0.5232367604231918,926.0,0.978447927935205,521.7470383811494
9.92546875,9.399390726330644,-0.5260780236693563,927.0,0.9782591982439122,526.0639885710835
9.945,9.417527200538336,-0.5274727994616644,928.0,0.9780880950964362,530.66438546471
9.96453125,9.433741130939651,-0.5307901190603488,929.0,0.9781260606705692,535.3868924088309
9.9840625,9.451297018511172,-0.5327654814888287,930.0,0.9775147413709848,537.6305275577604
10.00359375,9.466703303146774,-0.5368904468532261,931.0,0.9777473804014689,542.7098407798235
10.023125,9.484342518083658,-0.5387824819163427,932.0,0.9769860290635927,545.4641089863071
10.04265625,9.500962073402023,-0.5416941765979768,933.0,0.9769214620353013,550.2831740625769
10.0621875,9.517696107249648,-0.5444913927503521,934.0,0.9766602858971035,553.9701826467153
10.08171875,9.533140864560202,-0.5485778854397978,935.0,0.9762594001566344,556.2341074215807
10.10125,9.548676792647568,-0.5525732073524328,936.0,0.9756630208828919,558.9309363898869
10.12078125,9.565833953421098,-0.5549472965789022,937.0,0.975141446134636,562.0754933104766
10.1403125,9.581565929101028,-0.5587465708989718,938.0,0.9748187755747538,565.4329929158949
10.15984375,9.59906900058282,-0.5607747494171811,939.0,0.9740866542479187,567.032032451344
10.179375,9.614381407969306,-0.5649935920306941,940.0,0.9737106170760795,568.6991451244161
10.19890625,9.630763529026058,-0.5681427209739418,941.0,0.9735304245007814,572.726893535046
10.2184375,9.64780612980174,-0.5706313701982602,942.0,0.9726561312888548,575.0542827352923
10.23796875,9.663040283031112,-0.5749284669688883,943.0,0.972655046824552,577.3236474817462
10.2575,9.68035726994427,-0.5771427300557299,944.0,0.9717989046504265,578.288544141315
10.27703125,9.695295794228622,-0.5817354557713781,945.0,0.9713097156462064,579.8532218247107
10.2965625,9.71241587407088,-0.5841466259291206,946.0,0.9706480908860359,580.6643219329859
10.31609375,9.727936882743908,-0.5881568672560924,947.0,0.9702076072544797,581.8361245652836
10.335625,9.74484185709889,-0.5907831429011097,948.0,0.9689930853908599,581.6819420507315
10.35515625,9.764155190874995,-0.5910010591250057,949.0,0.9686912792986357,582.8417708689645
10.3746875,9.783065777502975,-0.5916217224970257,950.0,0.9673040675527064,579.8581983862031
10.39421875,9.802152643351466,-0.5920661066485344,951.0,0.9671552473986001,576.5445464992684
10.41375,9.819798997703153,-0.5939510022968477,952.0,0.9666384280378165,572.1228601005291
10.43328125,9.838873681041266,-0.5944075689587347,953.0,0.9653953302966343,564.5537387346778
10.4528125,9.857474460447081,-0.5953380395529191,954.0,0.9651956929892987,560.3969343973251
10.47234375,9.877072592685916,-0.5952711573140839,955.0,0.9645070934641097,553.7167112841271
10.491875,9.896477523003169,-0.5953974769968315,956.0,0.9639401175239907,548.9817308697693
10.51140625,9.916134748185133,-0.5952715018148673,957.0,0.9635440496879991,542.5150878219988
10.5309375,9.935654611054462,-0.5952828889455386,958.0,0.9631431867968726,537.0192154171485
10.55046875,9.95170451620997,-0.5987642337900301,959.0,0.962539924107453,534.4520334837657
10.57,9.969108198894784,-0.6008918011052167,960.0,0.962354790192673,532.7716662935235
10.58953125,9.986253052028175,-0.6032781979718251,961.0,0.9612298962647733,531.1194898370217
10.6090625,10.003835580322217,-0.6052269196777829,962.0,0.9605878050040703,530.8919429473259
10.62859375,10.020159288087731,-0.6084344619122692,963.0,0.9590070358834932,531.8819764675403
10.648125,10.03588513088404,-0.6122398691159603,964.0,0.957637719061442,533.732867015763
10.66765625,10.050106532102781,-0.6175497178972194,965.0,0.9567439931273727,539.8637615006769
10.6871875,10.065738726711945,-0.6214487732880549,966.0,0.954600398514261,546.1499512676656
10.70671875,10.08168273523615,-0.6250360147638503,967.0,0.9533098937105766,558.4014494060325
10.72625,10.100249265917935,-0.6260007340820657,968.0,0.9513348859710293,571.8831936514944
10.74578125,10.120210260588031,-0.625570989411969,969.0,0.9499660660216404,590.2585787969151
10.7653125,10.13788815827872,-0.6274243417212801,970.0,0.9488788889626107,607.5261301856247
10.78484375,10.157330864623363,-0.6275128853766372,971.0,0.9469009745289098,625.1161157419962
10.804375,10.178348260745535,-0.6260267392544652,972.0,0.9460968233823249,647.0282819907906
10.82390625,10.200587072049158,-0.623319177950842,973.0,0.9446096091402678,666.3594910661891
10.8434375,10.222178582831182,-0.6212589171688183,974.0,0.9442231205185524,683.2761116414397
10.86296875,10.242381479746877,-0.6205872702531234,975.0,0.9430805284477672,695.4685408697858
10.8825,10.260318313578294,-0.6221816864217065,976.0,0.942517573730958,706.9909131849771
10.90203125,10.27540366975743,-0.6266275802425696,977.0,0.9421960105719561,718.5263120982277
10.9215625,10.290997291873774,-0.6305652081262263,978.0,0.9410830538326357,728.0318051064459
10.94109375,10.30559781677818,-0.6354959332218204,979.0,0.9407539001715691,738.9137949244735
10.960625,10.324454374461121,-0.6361706255388793,980.0,0.9398323435279501,750.8780619148495
10.98015625,10.341363923263202,-0.6387923267367981,981.0,0.9388550339751367,760.781292846503
10.9996875,10.353863389939566,-0.6458241100604347,982.0,0.9385015523374013,768.6181882031855
11.01921875,10.368985662894165,-0.6502330871058355,983.0,0.9372723415733352,776.5247274794646
11.03875,10.383924344155016,-0.6548256558449843,984.0,0.9368083972065125,785.3804013815262
11.05828125,10.398363457980697,-0.6599177920193036,985.0,0.935876693818907,792.3975172954399
11.0778125,10.413482168299508,-0.6643303317004925,986.0,0.9352993848572573,802.6402872976342
11.09734375,10.428895839328142,-0.6684479106718584,987.0,0.934188401765466,809.1919912186248
11.116875,10.443642122948646,-0.6732328770513547,988.0,0.9333880368868773,818.267625054682
11.13640625,10.458907776625269,-0.6774984733747313,989.0,0.933268363990721,828.4687633067769
11.1559375,10.47529016667785,-0.6806473333221508,990.0,0.9316500097407282,835.5778370123022
11.17546875,10.49007724879282,-0.6853915012071798,991.0,0.9314303124373323,845.1447096122345
11.195,10.50539507164051,-0.6896049283594898,992.0,0.9300063317991029,851.8205291621961
11.21453125,10.51985977537369,-0.6946714746263094,993.0,0.9295270299524958,860.5970093598421
11.2340625,10.534526515400294,-0.6995359845997058,994.0,0.9283757184687419,867.7139821008979
11.25359375,10.550074523925801,-0.7035192260741994,995.0,0.9267995666032496,876.4977399644896
11.273125,10.565501604381016,-0.7076233956189846,996.0,0.9260831505982859,884.3891852336719
11.29265625,10.579755066688369,-0.7129011833116312,997.0,0.92468997175718,891.1203849577973
11.3121875,10.594312459128997,-0.7178750408710037,998.0,0.9236737525232872,898.5085833202261
11.33171875,10.608156770839361,-0.7235619791606389,999.0,0.9224181552185442,905.0571409436615
11.35125,10.621862777768992,-0.7293872222310078,1000.0,0.9215658076776881,912.8159728025541
